1791534152.855	D7:5B:CA:55:9E:68	JBC_Std	E;806;27;9;0;350;4;20;20;1200;1200;252;0;0;100;0;5;400;100;
1791534153.305	D7:5B:CA:55:9E:68	JBC_Std	E;806;27;9;0;350;4;20;20;1200;1200;252;0;0;100;0;5;400;100;
1791534153.576	D7:5B:CA:55:9E:68	JBC_Std	E;806;27;9;0;350;4;20;20;1200;1200;252;0;0;100;0;5;400;100;
1791534154.025	D7:5B:CA:55:9E:68	JBC_Std	E;806;27;9;0;350;4;20;20;1200;1200;252;0;0;100;0;5;400;100;
1791534154.296	D7:5B:CA:55:9E:68	JBC_Std	E;806;27;9;0;350;4;20;20;1200;1200;252;0;0;100;0;5;400;100;
1791534154.655	D7:5B:CA:55:9E:68	JBC_Std	E;806;27;9;0;350;4;20;20;1200;1200;252;0;0;100;0;5;400;100;
1791534155.016	D7:5B:CA:55:9E:68	JBC_Std	E;806;26;9;0;350;4;20;20;1200;1200;252;0;0;100;0;5;400;100;
1791534155.376	D7:5B:CA:55:9E:68	JBC_Std	E;806;27;9;0;350;4;20;20;1200;1200;252;0;0;100;0;5;400;100;
1791534155.735	D7:5B:CA:55:9E:68	JBC_Std	E;806;26;9;0;350;4;20;20;1200;1200;252;0;0;100;0;5;400;100;
1791534156.096	D7:5B:CA:55:9E:68	JBC_Std	E;806;26;9;0;350;4;20;20;1200;1200;252;0;0;100;0;5;400;100;
1791534156.456	D7:5B:CA:55:9E:68	JBC_Std	E;806;27;9;0;350;4;20;20;1200;1200;252;0;0;100;0;5;400;100;
1791534156.785	D7:5B:CA:55:9E:68	JBC_Std	E;806;27;9;0;350;4;20;20;1200;1200;252;0;0;100;0;5;400;100;
1791534157.235	D7:5B:CA:55:9E:68	JBC_Std	E;806;27;9;0;350;4;20;20;1200;1200;252;0;0;100;0;5;400;100;
1791534157.536	D7:5B:CA:55:9E:68	JBC_Std	E;806;27;9;0;350;4;20;20;1200;1200;252;0;0;100;0;5;400;100;
1791534157.896	D7:5B:CA:55:9E:68	JBC_Std	E;806;27;9;0;350;4;20;20;1200;1200;252;0;0;100;0;5;400;100;
1791534158.256	D7:5B:CA:55:9E:68	JBC_Std	E;806;27;9;0;350;4;20;20;1200;1200;252;0;0;100;0;5;400;100;
1791534158.615	D7:5B:CA:55:9E:68	JBC_Std	E;806;28;9;0;350;4;20;20;1200;1200;252;0;0;100;0;5;400;100;
1791534158.975	D7:5B:CA:55:9E:68	JBC_Std	E;806;28;9;0;350;4;20;20;1200;1200;252;0;0;100;0;5;400;100;
1791534159.305	D7:5B:CA:55:9E:68	JBC_Std	E;806;28;9;0;350;4;20;20;1200;1200;252;0;0;100;0;5;400;100;
1791534159.666	D7:5B:CA:55:9E:68	JBC_Std	E;806;28;9;0;350;4;20;20;1200;1200;252;0;0;100;0;5;400;100;
1791534160.025	D7:5B:CA:55:9E:68	JBC_Std	E;806;27;9;0;350;4;20;20;1200;1200;252;0;0;100;0;5;400;100;
1791534160.385	D7:5B:CA:55:9E:68	JBC_Std	E;806;27;9;0;350;4;20;20;1200;1200;252;0;0;100;0;5;400;100;
1791534160.745	D7:5B:CA:55:9E:68	JBC_Std	E;806;28;9;0;350;4;20;20;1200;1200;252;0;0;100;0;5;400;100;
1791534161.105	D7:5B:CA:55:9E:68	JBC_Std	E;806;27;9;0;350;4;20;20;1200;1200;252;0;0;100;0;5;400;100;
1791534161.436	D7:5B:CA:55:9E:68	JBC_Std	E;806;28;9;0;350;4;20;20;1200;1200;252;0;0;100;0;5;400;100;
1791534161.795	D7:5B:CA:55:9E:68	JBC_Std	E;806;28;9;0;350;4;20;20;1200;1200;252;0;0;100;0;5;400;100;
1791534162.155	D7:5B:CA:55:9E:68	JBC_Std	E;806;28;9;0;350;4;20;20;1200;1200;252;0;0;100;0;5;400;100;
1791534162.515	D7:5B:CA:55:9E:68	JBC_Std	E;806;28;9;0;350;4;20;20;1200;1200;252;0;0;100;0;5;400;100;
1791534162.876	D7:5B:CA:55:9E:68	JBC_Std	E;806;27;9;0;350;4;20;20;1200;1200;252;0;0;100;0;5;400;100;
1791534163.325	D7:5B:CA:55:9E:68	JBC_Std	E;806;27;9;0;350;4;20;20;1200;1200;252;0;0;100;0;5;400;100;
1791534163.685	D7:5B:CA:55:9E:68	JBC_Std	E;806;27;9;0;350;4;20;20;1200;1200;252;0;0;100;0;5;400;100;
1791534164.052	D7:5B:CA:55:9E:68	JBC_Std	E;806;27;9;0;350;4;20;20;1200;1200;252;0;0;100;0;5;400;100;
1791534164.375	D7:5B:CA:55:9E:68	JBC_Std	E;806;27;9;0;350;4;20;20;1200;1200;252;0;0;100;0;5;400;100;
1791534164.705	D7:5B:CA:55:9E:68	JBC_Std	E;806;26;9;0;350;4;20;20;1200;1200;252;0;0;100;0;5;400;100;
1791534165.065	D7:5B:CA:55:9E:68	JBC_Std	E;806;27;9;0;350;4;20;20;1200;1200;252;0;0;100;0;5;400;100;
1791534165.485	D7:5B:CA:55:9E:68	JBC_Std	E;806;27;9;0;350;4;20;20;1200;1200;252;0;0;100;0;5;400;100;
1791534165.786	D7:5B:CA:55:9E:68	JBC_Std	E;806;27;9;0;350;4;20;20;1200;1200;252;0;0;100;0;5;400;100;
1791534166.146	D7:5B:CA:55:9E:68	JBC_Std	E;806;28;9;0;350;4;20;20;1200;1200;252;0;0;100;0;5;400;100;
1791534166.505	D7:5B:CA:55:9E:68	JBC_Std	E;806;27;9;0;350;4;20;20;1200;1200;252;0;0;100;0;5;400;100;
1791534166.776	EA:BE:3E:E6:32:90	JBC_NANO	E;845;30;2;0;350;4;48;48;1200;1200;255;0;0;100;0;5;450;100;
1791534166.865	D7:5B:CA:55:9E:68	JBC_Std	E;806;28;9;0;350;4;20;20;1200;1200;252;0;0;100;0;5;400;100;
1791534167.076	EA:BE:3E:E6:32:90	JBC_NANO	E;845;30;2;0;350;4;48;48;1200;1200;255;0;0;100;0;5;450;100;
1791534167.226	D7:5B:CA:55:9E:68	JBC_Std	E;806;28;9;0;350;4;20;20;1200;1200;252;0;0;100;0;5;400;100;
1791534167.436	EA:BE:3E:E6:32:90	JBC_NANO	E;845;29;2;0;350;4;48;48;1200;1200;255;0;0;100;0;5;450;100;
1791534167.585	D7:5B:CA:55:9E:68	JBC_Std	E;806;28;9;0;350;4;20;20;1200;1200;252;0;0;100;0;5;400;100;
1791534167.796	EA:BE:3E:E6:32:90	JBC_NANO	E;845;30;2;0;350;4;48;48;1200;1200;255;0;0;100;0;5;450;100;
1791534167.945	D7:5B:CA:55:9E:68	JBC_Std	E;806;28;9;0;350;4;20;20;1200;1200;252;0;0;100;0;5;400;100;
1791534168.156	EA:BE:3E:E6:32:90	JBC_NANO	E;845;30;2;0;350;4;48;48;1200;1200;255;0;0;100;0;5;450;100;
1791534168.305	D7:5B:CA:55:9E:68	JBC_Std	E;806;28;9;0;350;4;20;20;1200;1200;252;0;0;100;0;5;400;100;
1791534168.516	EA:BE:3E:E6:32:90	JBC_NANO	E;845;30;2;0;350;4;48;48;1200;1200;255;0;0;100;0;5;450;100;
1791534168.696	D7:5B:CA:55:9E:68	JBC_Std	E;806;27;9;0;350;4;20;20;1200;1200;252;0;0;100;0;5;400;100;
1791534168.846	EA:BE:3E:E6:32:90	JBC_NANO	E;845;30;2;0;350;4;48;48;1200;1200;255;0;0;100;0;5;450;100;
1791534169.055	D7:5B:CA:55:9E:68	JBC_Std	E;806;27;9;0;350;4;20;20;1200;1200;252;0;0;100;0;5;400;100;
1791534169.266	EA:BE:3E:E6:32:90	JBC_NANO	E;845;30;2;0;350;4;48;48;1200;1200;255;0;0;100;0;5;450;100;
1791534169.385	D7:5B:CA:55:9E:68	JBC_Std	E;806;27;9;0;350;4;20;20;1200;1200;252;0;0;100;0;5;400;100;
1791534169.596	EA:BE:3E:E6:32:90	JBC_NANO	E;845;29;2;0;350;4;48;48;1200;1200;255;0;0;100;0;5;450;100;
1791534169.745	D7:5B:CA:55:9E:68	JBC_Std	E;806;27;9;0;350;4;20;20;1200;1200;252;0;0;100;0;5;400;100;
1791534169.986	EA:BE:3E:E6:32:90	JBC_NANO	E;845;29;2;0;350;4;48;48;1200;1200;255;0;0;100;0;5;450;100;
1791534170.135	D7:5B:CA:55:9E:68	JBC_Std	E;806;27;9;0;350;4;20;20;1200;1200;252;0;0;100;0;5;400;100;
1791534170.346	EA:BE:3E:E6:32:90	JBC_NANO	E;845;29;2;0;350;4;48;48;1200;1200;255;0;0;100;0;5;450;100;
1791534170.435	D7:5B:CA:55:9E:68	JBC_Std	E;806;27;9;0;350;4;20;20;1200;1200;252;0;0;100;0;5;400;100;
1791534170.705	EA:BE:3E:E6:32:90	JBC_NANO	E;845;29;2;0;350;4;48;48;1200;1200;255;0;0;100;0;5;450;100;
1791534170.796	D7:5B:CA:55:9E:68	JBC_Std	E;806;28;9;0;350;4;20;20;1200;1200;252;0;0;100;0;5;400;100;
1791534171.066	EA:BE:3E:E6:32:90	JBC_NANO	E;845;30;2;0;350;4;48;48;1200;1200;255;0;0;100;0;5;450;100;
1791534171.155	D7:5B:CA:55:9E:68	JBC_Std	E;806;28;9;0;350;4;20;20;1200;1200;252;0;0;100;0;5;400;100;
1791534171.426	EA:BE:3E:E6:32:90	JBC_NANO	E;845;30;2;0;350;4;48;48;1200;1200;255;0;0;100;0;5;450;100;
1791534171.516	D7:5B:CA:55:9E:68	JBC_Std	E;806;28;9;0;350;4;20;20;1200;1200;252;0;0;100;0;5;400;100;
1791534171.785	EA:BE:3E:E6:32:90	JBC_NANO	E;845;30;2;0;350;4;48;48;1200;1200;255;0;0;100;0;5;450;100;
1791534171.876	D7:5B:CA:55:9E:68	JBC_Std	E;806;28;9;0;350;4;20;20;1200;1200;252;0;0;100;0;5;400;100;
1791534172.115	EA:BE:3E:E6:32:90	JBC_NANO	E;845;30;2;0;350;4;48;48;1200;1200;255;0;0;100;0;5;450;100;
1791534172.266	D7:5B:CA:55:9E:68	JBC_Std	E;806;28;9;0;350;4;20;20;1200;1200;252;0;0;100;0;5;400;100;
1791534172.476	EA:BE:3E:E6:32:90	JBC_NANO	E;845;29;2;0;350;4;48;48;1200;1200;255;0;0;100;0;5;450;100;
1791534172.565	D7:5B:CA:55:9E:68	JBC_Std	E;806;27;9;0;350;4;20;20;1200;1200;252;0;0;100;0;5;400;100;
1791534172.835	EA:BE:3E:E6:32:90	JBC_NANO	E;845;29;2;0;350;4;48;48;1200;1200;255;0;0;100;0;5;450;100;
1791534172.925	D7:5B:CA:55:9E:68	JBC_Std	E;806;27;9;0;350;4;20;20;1200;1200;252;0;0;100;0;5;400;100;
1791534173.196	EA:BE:3E:E6:32:90	JBC_NANO	E;845;29;2;0;350;4;48;48;1200;1200;255;0;0;100;0;5;450;100;
1791534173.285	D7:5B:CA:55:9E:68	JBC_Std	E;806;27;9;0;350;4;20;20;1200;1200;252;0;0;100;0;5;400;100;
1791534173.556	EA:BE:3E:E6:32:90	JBC_NANO	E;845;30;2;0;350;4;48;48;1200;1200;255;0;0;100;0;5;450;100;
1791534173.645	D7:5B:CA:55:9E:68	JBC_Std	E;806;27;9;0;350;4;20;20;1200;1200;252;0;0;100;0;5;400;100;
1791534173.915	EA:BE:3E:E6:32:90	JBC_NANO	E;845;31;2;0;350;4;48;48;1200;1200;255;0;0;100;0;5;450;100;
1791534174.035	D7:5B:CA:55:9E:68	JBC_Std	E;806;28;9;0;350;4;20;20;1200;1200;252;0;0;100;0;5;400;100;
1791534174.246	EA:BE:3E:E6:32:90	JBC_NANO	E;845;31;2;0;350;4;48;48;1200;1200;255;0;0;100;0;5;450;100;
1791534174.395	D7:5B:CA:55:9E:68	JBC_Std	E;806;27;9;0;350;4;20;20;1200;1200;252;0;0;100;0;5;400;100;
1791534174.605	EA:BE:3E:E6:32:90	JBC_NANO	E;845;31;2;0;350;4;48;48;1200;1200;255;0;0;100;0;5;450;100;
1791534174.756	D7:5B:CA:55:9E:68	JBC_Std	E;806;27;9;0;350;4;20;20;1200;1200;252;0;0;100;0;5;400;100;
1791534174.965	EA:BE:3E:E6:32:90	JBC_NANO	E;845;30;2;0;350;4;48;48;1200;1200;255;0;0;100;0;5;450;100;
1791534175.115	D7:5B:CA:55:9E:68	JBC_Std	E;806;27;9;0;350;4;20;20;1200;1200;252;0;0;100;0;5;400;100;
1791534175.325	EA:BE:3E:E6:32:90	JBC_NANO	E;845;29;2;0;350;4;48;48;1200;1200;255;0;0;100;0;5;450;100;
1791534175.535	D7:5B:CA:55:9E:68	JBC_Std	E;806;27;9;0;350;4;20;20;1200;1200;252;0;0;100;0;5;400;100;
1791534175.686	EA:BE:3E:E6:32:90	JBC_NANO	E;845;29;2;0;350;4;48;48;1200;1200;255;0;0;100;0;5;450;100;
1791534175.835	D7:5B:CA:55:9E:68	JBC_Std	E;806;27;9;0;350;4;20;20;1200;1200;252;0;0;100;0;5;400;100;
1791534176.136	EA:BE:3E:E6:32:90	JBC_NANO	E;845;29;2;0;350;4;48;48;1200;1200;255;0;0;100;0;5;450;100;
1791534176.165	D7:5B:CA:55:9E:68	JBC_Std	E;806;27;9;0;350;4;20;20;1200;1200;252;0;0;100;0;5;400;100;
1791534176.496	EA:BE:3E:E6:32:90	JBC_NANO	E;845;29;2;0;350;4;48;48;1200;1200;255;0;0;100;0;5;450;100;
1791534176.525	D7:5B:CA:55:9E:68	JBC_Std	E;806;27;9;0;350;4;20;20;1200;1200;252;0;0;100;0;5;400;100;
1791534176.856	EA:BE:3E:E6:32:90	JBC_NANO	E;845;30;2;0;350;4;48;48;1200;1200;255;0;0;100;0;5;450;100;
1791534176.885	D7:5B:CA:55:9E:68	JBC_Std	E;806;27;9;0;350;4;20;20;1200;1200;252;0;0;100;0;5;400;100;
1791534177.215	EA:BE:3E:E6:32:90	JBC_NANO	E;845;30;2;0;350;4;48;48;1200;1200;255;0;0;100;0;5;450;100;
1791534177.245	D7:5B:CA:55:9E:68	JBC_Std	E;806;27;9;0;350;4;20;20;1200;1200;252;0;0;100;0;5;400;100;
1791534177.575	EA:BE:3E:E6:32:90	JBC_NANO	E;845;30;2;0;350;4;48;48;1200;1200;255;0;0;100;0;5;450;100;
1791534177.605	D7:5B:CA:55:9E:68	JBC_Std	E;806;27;9;0;350;4;20;20;1200;1200;252;0;0;100;0;5;400;100;
1791534177.936	EA:BE:3E:E6:32:90	JBC_NANO	E;845;30;2;0;350;4;48;48;1200;1200;255;0;0;100;0;5;450;100;
1791534177.994	D7:5B:CA:55:9E:68	JBC_Std	E;806;27;9;0;350;4;20;20;1200;1200;252;0;0;100;0;5;400;100;
1791534178.265	EA:BE:3E:E6:32:90	JBC_NANO	E;845;30;2;0;350;4;48;48;1200;1200;255;0;0;100;0;5;450;100;
1791534178.355	D7:5B:CA:55:9E:68	JBC_Std	E;806;28;9;0;350;4;20;20;1200;1200;252;0;0;100;0;5;400;100;
1791534178.626	EA:BE:3E:E6:32:90	JBC_NANO	E;845;30;2;0;350;4;48;48;1200;1200;255;0;0;100;0;5;450;100;
1791534178.715	D7:5B:CA:55:9E:68	JBC_Std	E;806;27;9;0;350;4;20;20;1200;1200;252;0;0;100;0;5;400;100;
1791534178.986	EA:BE:3E:E6:32:90	JBC_NANO	E;845;30;2;0;350;4;48;48;1200;1200;255;0;0;100;0;5;450;100;
1791534179.075	D7:5B:CA:55:9E:68	JBC_Std	E;806;27;9;0;350;4;20;20;1200;1200;252;0;0;100;0;5;400;100;
1791534179.346	EA:BE:3E:E6:32:90	JBC_NANO	E;845;30;2;0;350;4;48;48;1200;1200;255;0;0;100;0;5;450;100;
1791534179.435	D7:5B:CA:55:9E:68	JBC_Std	E;806;27;9;0;350;4;20;20;1200;1200;252;0;0;100;0;5;400;100;
1791534179.706	EA:BE:3E:E6:32:90	JBC_NANO	E;845;29;2;0;350;4;48;48;1200;1200;255;0;0;100;0;5;450;100;
1791534179.795	D7:5B:CA:55:9E:68	JBC_Std	E;806;27;9;0;350;4;20;20;1200;1200;252;0;0;100;0;5;400;100;
1791534180.095	EA:BE:3E:E6:32:90	JBC_NANO	E;845;29;2;0;350;4;48;48;1200;1200;255;0;0;100;0;5;450;100;
1791534180.125	D7:5B:CA:55:9E:68	JBC_Std	E;806;27;9;0;350;4;20;20;1200;1200;252;0;0;100;0;5;400;100;
1791534180.457	EA:BE:3E:E6:32:90	JBC_NANO	E;845;29;2;0;350;4;48;48;1200;1200;255;0;0;100;0;5;450;100;
1791534180.485	D7:5B:CA:55:9E:68	JBC_Std	E;806;27;9;0;350;4;20;20;1200;1200;252;0;0;100;0;5;400;100;
1791534180.815	EA:BE:3E:E6:32:90	JBC_NANO	E;845;29;2;0;350;4;48;48;1200;1200;255;0;0;100;0;5;450;100;
1791534180.845	D7:5B:CA:55:9E:68	JBC_Std	E;806;27;9;0;350;4;20;20;1200;1200;252;0;0;100;0;5;400;100;
1791534181.175	EA:BE:3E:E6:32:90	JBC_NANO	E;845;29;2;0;350;4;48;48;1200;1200;255;0;0;100;0;5;450;100;
1791534181.206	D7:5B:CA:55:9E:68	JBC_Std	E;806;27;9;0;350;4;20;20;1200;1200;252;0;0;100;0;5;400;100;
1791534181.535	EA:BE:3E:E6:32:90	JBC_NANO	E;845;29;2;0;350;4;48;48;1200;1200;255;0;0;100;0;5;450;100;
1791534181.564	D7:5B:CA:55:9E:68	JBC_Std	E;806;27;9;0;350;4;20;20;1200;1200;252;0;0;100;0;5;400;100;
1791534181.896	EA:BE:3E:E6:32:90	JBC_NANO	E;845;29;2;0;350;4;48;48;1200;1200;255;0;0;100;0;5;450;100;
1791534181.925	D7:5B:CA:55:9E:68	JBC_Std	E;806;27;9;0;350;4;20;20;1200;1200;252;0;0;100;0;5;400;100;
1791534182.226	EA:BE:3E:E6:32:90	JBC_NANO	E;845;30;2;0;350;4;48;48;1200;1200;255;0;0;100;0;5;450;100;
1791534182.255	D7:5B:CA:55:9E:68	JBC_Std	E;806;27;9;0;350;4;20;20;1200;1200;252;0;0;100;0;5;400;100;
1791534182.586	EA:BE:3E:E6:32:90	JBC_NANO	E;845;30;2;0;350;4;48;48;1200;1200;255;0;0;100;0;5;450;100;
1791534182.615	D7:5B:CA:55:9E:68	JBC_Std	E;806;28;9;0;350;4;20;20;1200;1200;252;0;0;100;0;5;400;100;
1791534182.946	EA:BE:3E:E6:32:90	JBC_NANO	E;845;30;2;0;350;4;48;48;1200;1200;255;0;0;100;0;5;450;100;
1791534182.975	D7:5B:CA:55:9E:68	JBC_Std	E;806;27;9;0;350;4;20;20;1200;1200;252;0;0;100;0;5;400;100;
1791534183.305	EA:BE:3E:E6:32:90	JBC_NANO	E;845;30;2;0;350;4;48;48;1200;1200;255;0;0;100;0;5;450;100;
1791534183.335	D7:5B:CA:55:9E:68	JBC_Std	E;806;27;9;0;350;4;20;20;1200;1200;252;0;0;100;0;5;400;100;
1791534183.665	EA:BE:3E:E6:32:90	JBC_NANO	E;845;29;2;0;350;4;48;48;1200;1200;255;0;0;100;0;5;450;100;
1791534183.695	D7:5B:CA:55:9E:68	JBC_Std	E;806;27;9;0;350;4;20;20;1200;1200;252;0;0;100;0;5;400;100;
1791534184.055	EA:BE:3E:E6:32:90	JBC_NANO	E;845;29;2;0;350;4;48;48;1200;1200;255;0;0;100;0;5;450;100;
1791534184.085	D7:5B:CA:55:9E:68	JBC_Std	E;806;27;9;0;350;4;20;20;1200;1200;252;0;0;100;0;5;400;100;
1791534184.355	EA:BE:3E:E6:32:90	JBC_NANO	E;845;29;2;0;350;4;48;48;1200;1200;255;0;0;100;0;5;450;100;
1791534184.445	D7:5B:CA:55:9E:68	JBC_Std	E;806;28;9;0;350;4;20;20;1200;1200;252;0;0;100;0;5;400;100;
1791534184.715	EA:BE:3E:E6:32:90	JBC_NANO	E;845;30;2;0;350;4;48;48;1200;1200;255;0;0;100;0;5;450;100;
1791534184.804	D7:5B:CA:55:9E:68	JBC_Std	E;806;28;9;0;350;4;20;20;1200;1200;252;0;0;100;0;5;400;100;
1791534185.075	EA:BE:3E:E6:32:90	JBC_NANO	E;845;30;2;0;350;4;48;48;1200;1200;255;0;0;100;0;5;450;100;
1791534185.165	D7:5B:CA:55:9E:68	JBC_Std	E;806;28;9;0;350;4;20;20;1200;1200;252;0;0;100;0;5;400;100;
1791534185.436	EA:BE:3E:E6:32:90	JBC_NANO	E;845;30;2;0;350;4;48;48;1200;1200;255;0;0;100;0;5;450;100;
1791534185.525	D7:5B:CA:55:9E:68	JBC_Std	E;806;27;9;0;350;4;20;20;1200;1200;252;0;0;100;0;5;400;100;
1791534185.795	EA:BE:3E:E6:32:90	JBC_NANO	E;845;30;2;0;350;4;48;48;1200;1200;255;0;0;100;0;5;450;100;
1791534185.945	D7:5B:CA:55:9E:68	JBC_Std	E;806;27;9;0;350;4;20;20;1200;1200;252;0;0;100;0;5;400;100;
1791534186.186	EA:BE:3E:E6:32:90	JBC_NANO	E;845;30;2;0;350;4;48;48;1200;1200;255;0;0;100;0;5;450;100;
1791534186.215	D7:5B:CA:55:9E:68	JBC_Std	E;806;26;9;0;350;4;20;20;1200;1200;252;0;0;100;0;5;400;100;
1791534186.545	EA:BE:3E:E6:32:90	JBC_NANO	E;845;30;2;0;350;4;48;48;1200;1200;255;0;0;100;0;5;450;100;
1791534186.575	D7:5B:CA:55:9E:68	JBC_Std	E;806;26;9;0;350;4;20;20;1200;1200;252;0;0;100;0;5;400;100;
1791534186.905	EA:BE:3E:E6:32:90	JBC_NANO	E;845;29;2;0;350;4;48;48;1200;1200;255;0;0;100;0;5;450;100;
1791534186.935	D7:5B:CA:55:9E:68	JBC_Std	E;806;26;9;0;350;4;20;20;1200;1200;252;0;0;100;0;5;400;100;
1791534187.266	EA:BE:3E:E6:32:90	JBC_NANO	E;845;29;2;0;350;4;48;48;1200;1200;255;0;0;100;0;5;450;100;
1791534187.295	D7:5B:CA:55:9E:68	JBC_Std	E;806;26;9;0;350;4;20;20;1200;1200;252;0;0;100;0;5;400;100;
1791534187.626	EA:BE:3E:E6:32:90	JBC_NANO	E;845;29;2;0;350;4;48;48;1200;1200;255;0;0;100;0;5;450;100;
1791534187.654	D7:5B:CA:55:9E:68	JBC_Std	E;806;27;9;0;350;4;20;20;1200;1200;252;0;0;100;0;5;400;100;
1791534187.985	EA:BE:3E:E6:32:90	JBC_NANO	E;845;29;2;0;350;4;48;48;1200;1200;255;0;0;100;0;5;450;100;
1791534188.045	D7:5B:CA:55:9E:68	JBC_Std	E;806;27;9;0;350;4;20;20;1200;1200;252;0;0;100;0;5;400;100;
1791534188.316	EA:BE:3E:E6:32:90	JBC_NANO	E;845;30;2;0;350;4;48;48;1200;1200;255;0;0;100;0;5;450;100;
1791534188.464	D7:5B:CA:55:9E:68	JBC_Std	E;806;27;9;0;350;4;20;20;1200;1200;252;0;0;100;0;5;400;100;
1791534188.675	EA:BE:3E:E6:32:90	JBC_NANO	E;845;30;2;0;350;4;48;48;1200;1200;255;0;0;100;0;5;450;100;
1791534188.764	D7:5B:CA:55:9E:68	JBC_Std	E;806;27;9;0;350;4;20;20;1200;1200;252;0;0;100;0;5;400;100;
1791534189.035	EA:BE:3E:E6:32:90	JBC_NANO	E;845;30;2;0;350;4;48;48;1200;1200;255;0;0;100;0;5;450;100;
1791534189.125	D7:5B:CA:55:9E:68	JBC_Std	E;806;27;9;0;350;4;20;20;1200;1200;252;0;0;100;0;5;400;100;
1791534189.455	EA:BE:3E:E6:32:90	JBC_NANO	E;845;30;2;0;350;4;48;48;1200;1200;255;0;0;100;0;5;450;100;
1791534189.484	D7:5B:CA:55:9E:68	JBC_Std	E;806;27;9;0;350;4;20;20;1200;1200;252;0;0;100;0;5;400;100;
1791534189.815	EA:BE:3E:E6:32:90	JBC_NANO	E;845;29;2;0;350;4;48;48;1200;1200;255;0;0;100;0;5;450;100;
1791534189.845	D7:5B:CA:55:9E:68	JBC_Std	E;806;27;9;0;350;4;20;20;1200;1200;252;0;0;100;0;5;400;100;
1791534190.175	D7:5B:CA:55:9E:68	JBC_Std	E;806;27;9;0;350;4;20;20;1200;1200;252;0;0;100;0;5;400;100;
1791534190.205	EA:BE:3E:E6:32:90	JBC_NANO	E;845;29;2;0;350;4;48;48;1200;1200;255;0;0;100;0;5;450;100;
1791534190.535	D7:5B:CA:55:9E:68	JBC_Std	E;806;27;9;0;350;4;20;20;1200;1200;252;0;0;100;0;5;400;100;
1791534190.565	EA:BE:3E:E6:32:90	JBC_NANO	E;845;29;2;0;350;4;48;48;1200;1200;255;0;0;100;0;5;450;100;
1791534190.894	D7:5B:CA:55:9E:68	JBC_Std	E;806;27;9;0;350;4;20;20;1200;1200;252;0;0;100;0;5;400;100;
1791534190.925	EA:BE:3E:E6:32:90	JBC_NANO	E;845;30;2;0;350;4;48;48;1200;1200;255;0;0;100;0;5;450;100;
1791534191.195	D7:5B:CA:55:9E:68	JBC_Std	E;806;28;9;0;350;4;20;20;1200;1200;252;0;0;100;0;5;400;100;
1791534191.285	EA:BE:3E:E6:32:90	JBC_NANO	E;845;30;2;0;350;4;48;48;1200;1200;255;0;0;100;0;5;450;100;
1791534191.555	D7:5B:CA:55:9E:68	JBC_Std	E;806;28;9;0;350;4;20;20;1200;1200;252;0;0;100;0;5;400;100;
1791534191.645	EA:BE:3E:E6:32:90	JBC_NANO	E;845;29;2;0;350;4;48;48;1200;1200;255;0;0;100;0;5;450;100;
1791534191.915	D7:5B:CA:55:9E:68	JBC_Std	E;806;28;9;0;350;4;20;20;1200;1200;252;0;0;100;0;5;400;100;
1791534192.005	EA:BE:3E:E6:32:90	JBC_NANO	E;845;29;2;0;350;4;48;48;1200;1200;255;0;0;100;0;5;450;100;
1791534192.245	D7:5B:CA:55:9E:68	JBC_Std	E;806;27;9;0;350;4;20;20;1200;1200;252;0;0;100;0;5;400;100;
1791534192.395	EA:BE:3E:E6:32:90	JBC_NANO	E;845;29;2;0;350;4;48;48;1200;1200;255;0;0;100;0;5;450;100;
1791534192.605	D7:5B:CA:55:9E:68	JBC_Std	E;806;26;9;0;350;4;20;20;1200;1200;252;0;0;100;0;5;400;100;
1791534192.755	EA:BE:3E:E6:32:90	JBC_NANO	E;845;29;2;0;350;4;48;48;1200;1200;255;0;0;100;0;5;450;100;
1791534192.965	D7:5B:CA:55:9E:68	JBC_Std	E;806;27;9;0;350;4;20;20;1200;1200;252;0;0;100;0;5;400;100;
1791534193.115	EA:BE:3E:E6:32:90	JBC_NANO	E;845;29;2;0;350;4;48;48;1200;1200;255;0;0;100;0;5;450;100;
1791534193.325	D7:5B:CA:55:9E:68	JBC_Std	E;806;27;9;0;350;4;20;20;1200;1200;252;0;0;100;0;5;400;100;
1791534193.475	EA:BE:3E:E6:32:90	JBC_NANO	E;845;30;2;0;350;4;48;48;1200;1200;255;0;0;100;0;5;450;100;
1791534193.685	D7:5B:CA:55:9E:68	JBC_Std	E;806;28;9;0;350;4;20;20;1200;1200;252;0;0;100;0;5;400;100;
1791534193.836	EA:BE:3E:E6:32:90	JBC_NANO	E;845;30;2;0;350;4;48;48;1200;1200;255;0;0;100;0;5;450;100;
1791534194.074	D7:5B:CA:55:9E:68	JBC_Std	E;806;27;9;0;350;4;20;20;1200;1200;252;0;0;100;0;5;400;100;
1791534194.226	EA:BE:3E:E6:32:90	JBC_NANO	E;845;30;2;0;350;4;48;48;1200;1200;255;0;0;100;0;5;450;100;
1791534194.435	D7:5B:CA:55:9E:68	JBC_Std	E;806;27;9;0;350;4;20;20;1200;1200;252;0;0;100;0;5;400;100;
1791534194.585	EA:BE:3E:E6:32:90	JBC_NANO	E;845;30;2;0;350;4;48;48;1200;1200;255;0;0;100;0;5;450;100;
1791534194.795	D7:5B:CA:55:9E:68	JBC_Std	E;806;26;9;0;350;4;20;20;1200;1200;252;0;0;100;0;5;400;100;
1791534194.945	EA:BE:3E:E6:32:90	JBC_NANO	E;845;29;2;0;350;4;48;48;1200;1200;255;0;0;100;0;5;450;100;
1791534195.155	D7:5B:CA:55:9E:68	JBC_Std	E;806;26;9;0;350;4;20;20;1200;1200;252;0;0;100;0;5;400;100;
1791534195.305	EA:BE:3E:E6:32:90	JBC_NANO	E;845;29;2;0;350;4;48;48;1200;1200;255;0;0;100;0;5;450;100;
1791534195.514	D7:5B:CA:55:9E:68	JBC_Std	E;806;27;9;0;350;4;20;20;1200;1200;252;0;0;100;0;5;400;100;
1791534195.666	EA:BE:3E:E6:32:90	JBC_NANO	E;845;30;2;0;350;4;48;48;1200;1200;255;0;0;100;0;5;450;100;
1791534195.874	D7:5B:CA:55:9E:68	JBC_Std	E;806;26;9;0;350;4;20;20;1200;1200;252;0;0;100;0;5;400;100;
1791534196.025	EA:BE:3E:E6:32:90	JBC_NANO	E;845;30;2;0;350;4;48;48;1200;1200;255;0;0;100;0;5;450;100;
1791534196.205	D7:5B:CA:55:9E:68	JBC_Std	E;806;27;9;0;350;4;20;20;1200;1200;252;0;0;100;0;5;400;100;
1791534196.356	EA:BE:3E:E6:32:90	JBC_NANO	E;845;30;2;0;350;4;48;48;1200;1200;255;0;0;100;0;5;450;100;
1791534196.564	D7:5B:CA:55:9E:68	JBC_Std	E;806;27;9;0;350;4;20;20;1200;1200;252;0;0;100;0;5;400;100;
1791534196.715	EA:BE:3E:E6:32:90	JBC_NANO	E;845;31;2;0;350;4;48;48;1200;1200;255;0;0;100;0;5;450;100;
1791534196.925	D7:5B:CA:55:9E:68	JBC_Std	E;806;27;9;0;350;4;20;20;1200;1200;252;0;0;100;0;5;400;100;
1791534197.074	EA:BE:3E:E6:32:90	JBC_NANO	E;845;30;2;0;350;4;48;48;1200;1200;255;0;0;100;0;5;450;100;
1791534197.315	D7:5B:CA:55:9E:68	JBC_Std	E;806;28;9;0;350;4;20;20;1200;1200;252;0;0;100;0;5;400;100;
1791534197.407	EA:BE:3E:E6:32:90	JBC_NANO	E;845;30;2;0;350;4;48;48;1200;1200;255;0;0;100;0;5;450;100;
1791534197.645	D7:5B:CA:55:9E:68	JBC_Std	E;806;27;9;0;350;4;20;20;1200;1200;252;0;0;100;0;5;400;100;
1791534197.795	EA:BE:3E:E6:32:90	JBC_NANO	E;845;30;2;0;350;4;48;48;1200;1200;255;0;0;100;0;5;450;100;
1791534198.005	D7:5B:CA:55:9E:68	JBC_Std	E;806;27;9;0;350;4;20;20;1200;1200;252;0;0;100;0;5;400;100;
1791534198.097	EA:BE:3E:E6:32:90	JBC_NANO	E;845;30;2;0;350;4;48;48;1200;1200;255;0;0;100;0;5;450;100;
1791534198.335	D7:5B:CA:55:9E:68	JBC_Std	E;806;27;9;0;350;4;20;20;1200;1200;252;0;0;100;0;5;400;100;
1791534198.485	EA:BE:3E:E6:32:90	JBC_NANO	E;845;30;2;0;350;4;48;48;1200;1200;255;0;0;100;0;5;450;100;
1791534198.695	D7:5B:CA:55:9E:68	JBC_Std	E;806;27;9;0;350;4;20;20;1200;1200;252;0;0;100;0;5;400;100;
1791534198.905	EA:BE:3E:E6:32:90	JBC_NANO	E;845;30;2;0;350;4;48;48;1200;1200;255;0;0;100;0;5;450;100;
1791534199.055	D7:5B:CA:55:9E:68	JBC_Std	E;806;27;9;0;350;4;20;20;1200;1200;252;0;0;100;0;5;400;100;
1791534199.265	EA:BE:3E:E6:32:90	JBC_NANO	E;845;30;2;0;350;4;48;48;1200;1200;255;0;0;100;0;5;450;100;
1791534199.415	D7:5B:CA:55:9E:68	JBC_Std	E;806;27;9;0;350;4;20;20;1200;1200;252;0;0;100;0;5;400;100;
1791534199.625	EA:BE:3E:E6:32:90	JBC_NANO	E;845;30;2;0;350;4;48;48;1200;1200;255;0;0;100;0;5;450;100;
1791534199.775	D7:5B:CA:55:9E:68	JBC_Std	E;806;27;9;0;350;4;20;20;1200;1200;252;0;0;100;0;5;400;100;
1791534199.986	EA:BE:3E:E6:32:90	JBC_NANO	E;845;30;2;0;350;4;48;48;1200;1200;255;0;0;100;0;5;450;100;
1791534200.135	D7:5B:CA:55:9E:68	JBC_Std	E;806;28;9;0;350;4;20;20;1200;1200;252;0;0;100;0;5;400;100;
1791534200.345	EA:BE:3E:E6:32:90	JBC_NANO	E;845;30;2;0;350;4;48;48;1200;1200;255;0;0;100;0;5;450;100;
1791534200.494	D7:5B:CA:55:9E:68	JBC_Std	E;806;28;9;0;350;4;20;20;1200;1200;252;0;0;100;0;5;400;100;
1791534200.705	EA:BE:3E:E6:32:90	JBC_NANO	E;845;31;2;0;350;4;48;48;1200;1200;255;0;0;100;0;5;450;100;
1791534200.884	D7:5B:CA:55:9E:68	JBC_Std	E;806;28;9;0;350;4;20;20;1200;1200;252;0;0;100;0;5;400;100;
1791534201.095	EA:BE:3E:E6:32:90	JBC_NANO	E;845;30;2;0;350;4;48;48;1200;1200;255;0;0;100;0;5;450;100;
1791534201.246	D7:5B:CA:55:9E:68	JBC_Std	E;806;28;9;0;350;4;20;20;1200;1200;252;0;0;100;0;5;400;100;
1791534201.455	EA:BE:3E:E6:32:90	JBC_NANO	E;845;29;2;0;350;4;48;48;1200;1200;255;0;0;100;0;5;450;100;
1791534201.634	D7:5B:CA:55:9E:68	JBC_Std	E;806;27;9;0;350;4;20;20;1200;1200;252;0;0;100;0;5;400;100;
1791534201.785	EA:BE:3E:E6:32:90	JBC_NANO	E;845;30;2;0;350;4;48;48;1200;1200;255;0;0;100;0;5;450;100;
1791534201.994	D7:5B:CA:55:9E:68	JBC_Std	E;806;27;9;0;350;4;20;20;1200;1200;252;0;0;100;0;5;400;100;
1791534202.175	EA:BE:3E:E6:32:90	JBC_NANO	E;845;30;2;0;350;4;48;48;1200;1200;255;0;0;100;0;5;450;100;
1791534202.324	D7:5B:CA:55:9E:68	JBC_Std	E;806;27;9;0;350;4;20;20;1200;1200;252;0;0;100;0;5;400;100;
1791534202.475	EA:BE:3E:E6:32:90	JBC_NANO	E;845;30;2;0;350;4;48;48;1200;1200;255;0;0;100;0;5;450;100;
1791534202.685	D7:5B:CA:55:9E:68	JBC_Std	E;806;26;9;0;350;4;20;20;1200;1200;252;0;0;100;0;5;400;100;
1791534202.834	EA:BE:3E:E6:32:90	JBC_NANO	E;845;30;2;0;350;4;48;48;1200;1200;255;0;0;100;0;5;450;100;
1791534203.044	D7:5B:CA:55:9E:68	JBC_Std	E;806;27;9;0;350;4;20;20;1200;1200;252;0;0;100;0;5;400;100;
1791534203.255	EA:BE:3E:E6:32:90	JBC_NANO	E;845;29;2;0;350;4;48;48;1200;1200;255;0;0;100;0;5;450;100;
1791534203.404	D7:5B:CA:55:9E:68	JBC_Std	E;806;26;9;0;350;4;20;20;1200;1200;252;0;0;100;0;5;400;100;
1791534203.614	EA:BE:3E:E6:32:90	JBC_NANO	E;845;29;2;0;350;4;48;48;1200;1200;255;0;0;100;0;5;450;100;
1791534203.765	D7:5B:CA:55:9E:68	JBC_Std	E;806;27;9;0;350;4;20;20;1200;1200;252;0;0;100;0;5;400;100;
1791534203.975	EA:BE:3E:E6:32:90	JBC_NANO	E;845;29;2;0;350;4;48;48;1200;1200;255;0;0;100;0;5;450;100;
1791534204.155	D7:5B:CA:55:9E:68	JBC_Std	E;806;27;9;0;350;4;20;20;1200;1200;252;0;0;100;0;5;400;100;
1791534204.306	EA:BE:3E:E6:32:90	JBC_NANO	E;845;30;2;0;350;4;48;48;1200;1200;255;0;0;100;0;5;450;100;
1791534204.514	D7:5B:CA:55:9E:68	JBC_Std	E;806;27;9;0;350;4;20;20;1200;1200;252;0;0;100;0;5;400;100;
1791534204.665	EA:BE:3E:E6:32:90	JBC_NANO	E;845;30;2;0;350;4;48;48;1200;1200;255;0;0;100;0;5;450;100;
1791534204.874	D7:5B:CA:55:9E:68	JBC_Std	E;806;27;9;0;350;4;20;20;1200;1200;252;0;0;100;0;5;400;100;
1791534205.085	EA:BE:3E:E6:32:90	JBC_NANO	E;845;30;2;0;350;4;48;48;1200;1200;255;0;0;100;0;5;450;100;
1791534205.234	D7:5B:CA:55:9E:68	JBC_Std	E;806;27;9;0;350;4;20;20;1200;1200;252;0;0;100;0;5;400;100;
1791534205.385	EA:BE:3E:E6:32:90	JBC_NANO	E;845;30;2;0;350;4;48;48;1200;1200;255;0;0;100;0;5;450;100;
1791534205.595	D7:5B:CA:55:9E:68	JBC_Std	E;806;27;9;0;350;4;20;20;1200;1200;252;0;0;100;0;5;400;100;
1791534205.745	EA:BE:3E:E6:32:90	JBC_NANO	E;845;30;2;0;350;4;48;48;1200;1200;255;0;0;100;0;5;450;100;
1791534205.955	D7:5B:CA:55:9E:68	JBC_Std	E;806;27;9;0;350;4;20;20;1200;1200;252;0;0;100;0;5;400;100;
1791534206.104	EA:BE:3E:E6:32:90	JBC_NANO	E;845;30;2;0;350;4;48;48;1200;1200;255;0;0;100;0;5;450;100;
1791534206.285	D7:5B:CA:55:9E:68	JBC_Std	E;806;26;9;0;350;4;20;20;1200;1200;252;0;0;100;0;5;400;100;
1791534206.434	EA:BE:3E:E6:32:90	JBC_NANO	E;845;30;2;0;350;4;48;48;1200;1200;255;0;0;100;0;5;450;100;
1791534206.644	D7:5B:CA:55:9E:68	JBC_Std	E;806;26;9;0;350;4;20;20;1200;1200;252;0;0;100;0;5;400;100;
1791534206.795	EA:BE:3E:E6:32:90	JBC_NANO	E;845;30;2;0;350;4;48;48;1200;1200;255;0;0;100;0;5;450;100;
1791534207.005	D7:5B:CA:55:9E:68	JBC_Std	E;806;26;9;0;350;4;20;20;1200;1200;252;0;0;100;0;5;400;100;
1791534207.155	EA:BE:3E:E6:32:90	JBC_NANO	E;845;30;2;0;350;4;48;48;1200;1200;255;0;0;100;0;5;450;100;
1791534207.365	D7:5B:CA:55:9E:68	JBC_Std	E;806;26;9;0;350;4;20;20;1200;1200;252;0;0;100;0;5;400;100;
1791534207.455	EA:BE:3E:E6:32:90	JBC_NANO	E;845;30;2;0;350;4;48;48;1200;1200;255;0;0;100;0;5;450;100;
1791534207.724	D7:5B:CA:55:9E:68	JBC_Std	E;806;26;9;0;350;4;20;20;1200;1200;252;0;0;100;0;5;400;100;
1791534207.815	EA:BE:3E:E6:32:90	JBC_NANO	E;845;30;2;0;350;4;48;48;1200;1200;255;0;0;100;0;5;450;100;
1791534208.084	D7:5B:CA:55:9E:68	JBC_Std	E;806;26;9;0;350;4;20;20;1200;1200;252;0;0;100;0;5;400;100;
1791534208.205	EA:BE:3E:E6:32:90	JBC_NANO	E;845;30;2;0;350;4;48;48;1200;1200;255;0;0;100;0;5;450;100;
1791534208.414	D7:5B:CA:55:9E:68	JBC_Std	E;806;27;9;0;350;4;20;20;1200;1200;252;0;0;100;0;5;400;100;
1791534208.565	EA:BE:3E:E6:32:90	JBC_NANO	E;845;30;2;0;350;4;48;48;1200;1200;255;0;0;100;0;5;450;100;
1791534208.775	D7:5B:CA:55:9E:68	JBC_Std	E;806;27;9;0;350;4;20;20;1200;1200;252;0;0;100;0;5;400;100;
1791534208.925	EA:BE:3E:E6:32:90	JBC_NANO	E;845;30;2;0;350;4;48;48;1200;1200;255;0;0;100;0;5;450;100;
1791534209.134	D7:5B:CA:55:9E:68	JBC_Std	E;806;27;9;0;350;4;20;20;1200;1200;252;0;0;100;0;5;400;100;
1791534209.285	EA:BE:3E:E6:32:90	JBC_NANO	E;845;29;2;0;350;4;48;48;1200;1200;255;0;0;100;0;5;450;100;
1791534209.495	D7:5B:CA:55:9E:68	JBC_Std	E;806;27;9;0;350;4;20;20;1200;1200;252;0;0;100;0;5;400;100;
1791534209.644	EA:BE:3E:E6:32:90	JBC_NANO	E;845;29;2;0;350;4;48;48;1200;1200;255;0;0;100;0;5;450;100;
1791534209.855	D7:5B:CA:55:9E:68	JBC_Std	E;806;26;9;0;350;4;20;20;1200;1200;252;0;0;100;0;5;400;100;
1791534210.005	EA:BE:3E:E6:32:90	JBC_NANO	E;845;30;2;0;350;4;48;48;1200;1200;255;0;0;100;0;5;450;100;
1791534210.244	D7:5B:CA:55:9E:68	JBC_Std	E;806;26;9;0;350;4;20;20;1200;1200;252;0;0;100;0;5;400;100;
1791534210.335	EA:BE:3E:E6:32:90	JBC_NANO	E;845;30;2;0;350;4;48;48;1200;1200;255;0;0;100;0;5;450;100;
1791534210.604	D7:5B:CA:55:9E:68	JBC_Std	E;806;27;9;0;350;4;20;20;1200;1200;252;0;0;100;0;5;400;100;
1791534210.695	EA:BE:3E:E6:32:90	JBC_NANO	E;845;30;2;0;350;4;48;48;1200;1200;255;0;0;100;0;5;450;100;
1791534210.964	D7:5B:CA:55:9E:68	JBC_Std	E;806;27;9;0;350;4;20;20;1200;1200;252;0;0;100;0;5;400;100;
1791534211.055	EA:BE:3E:E6:32:90	JBC_NANO	E;845;30;2;0;350;4;48;48;1200;1200;255;0;0;100;0;5;450;100;
1791534211.324	D7:5B:CA:55:9E:68	JBC_Std	E;806;26;9;0;350;4;20;20;1200;1200;252;0;0;100;0;5;400;100;
1791534211.415	EA:BE:3E:E6:32:90	JBC_NANO	E;845;30;2;0;350;4;48;48;1200;1200;255;0;0;100;0;5;450;100;
1791534211.684	D7:5B:CA:55:9E:68	JBC_Std	E;806;26;9;0;350;4;20;20;1200;1200;252;0;0;100;0;5;400;100;
1791534211.775	EA:BE:3E:E6:32:90	JBC_NANO	E;845;29;2;0;350;4;48;48;1200;1200;255;0;0;100;0;5;450;100;
1791534212.045	D7:5B:CA:55:9E:68	JBC_Std	E;806;26;9;0;350;4;20;20;1200;1200;252;0;0;100;0;5;400;100;
1791534212.075	EA:BE:3E:E6:32:90	JBC_NANO	E;845;29;2;0;350;4;48;48;1200;1200;255;0;0;100;0;5;450;100;
1791534212.406	EA:BE:3E:E6:32:90	JBC_NANO	E;845;29;2;0;350;4;48;48;1200;1200;255;0;0;100;0;5;450;100;
1791534212.434	D7:5B:CA:55:9E:68	JBC_Std	E;806;26;9;0;350;4;20;20;1200;1200;252;0;0;100;0;5;400;100;
1791534212.764	EA:BE:3E:E6:32:90	JBC_NANO	E;845;29;2;0;350;4;48;48;1200;1200;255;0;0;100;0;5;450;100;
1791534212.794	D7:5B:CA:55:9E:68	JBC_Std	E;806;27;9;0;350;4;20;20;1200;1200;252;0;0;100;0;5;400;100;
1791534213.125	EA:BE:3E:E6:32:90	JBC_NANO	E;845;30;2;0;350;4;48;48;1200;1200;255;0;0;100;0;5;450;100;
1791534213.154	D7:5B:CA:55:9E:68	JBC_Std	E;806;28;9;0;350;4;20;20;1200;1200;252;0;0;100;0;5;400;100;
1791534213.485	EA:BE:3E:E6:32:90	JBC_NANO	E;845;30;2;0;350;4;48;48;1200;1200;255;0;0;100;0;5;450;100;
1791534213.514	D7:5B:CA:55:9E:68	JBC_Std	E;806;27;9;0;350;4;20;20;1200;1200;252;0;0;100;0;5;400;100;
1791534213.845	EA:BE:3E:E6:32:90	JBC_NANO	E;845;30;2;0;350;4;48;48;1200;1200;255;0;0;100;0;5;450;100;
1791534213.875	D7:5B:CA:55:9E:68	JBC_Std	E;806;28;9;0;350;4;20;20;1200;1200;252;0;0;100;0;5;400;100;
1791534214.235	EA:BE:3E:E6:32:90	JBC_NANO	E;845;30;2;0;350;4;48;48;1200;1200;255;0;0;100;0;5;450;100;
1791534214.264	D7:5B:CA:55:9E:68	JBC_Std	E;806;27;9;0;350;4;20;20;1200;1200;252;0;0;100;0;5;400;100;
1791534214.595	EA:BE:3E:E6:32:90	JBC_NANO	E;845;30;2;0;350;4;48;48;1200;1200;255;0;0;100;0;5;450;100;
1791534214.624	D7:5B:CA:55:9E:68	JBC_Std	E;806;27;9;0;350;4;20;20;1200;1200;252;0;0;100;0;5;400;100;
1791534214.955	EA:BE:3E:E6:32:90	JBC_NANO	E;845;29;2;0;350;4;48;48;1200;1200;255;0;0;100;0;5;450;100;
1791534214.985	D7:5B:CA:55:9E:68	JBC_Std	E;806;27;9;0;350;4;20;20;1200;1200;252;0;0;100;0;5;400;100;
1791534215.315	EA:BE:3E:E6:32:90	JBC_NANO	E;845;29;2;0;350;4;48;48;1200;1200;255;0;0;100;0;5;450;100;
1791534215.344	D7:5B:CA:55:9E:68	JBC_Std	E;806;27;9;0;350;4;20;20;1200;1200;252;0;0;100;0;5;400;100;
1791534215.675	EA:BE:3E:E6:32:90	JBC_NANO	E;845;29;2;0;350;4;48;48;1200;1200;255;0;0;100;0;5;450;100;
1791534215.704	D7:5B:CA:55:9E:68	JBC_Std	E;806;26;9;0;350;4;20;20;1200;1200;252;0;0;100;0;5;400;100;
1791534216.035	EA:BE:3E:E6:32:90	JBC_NANO	E;845;29;2;0;350;4;48;48;1200;1200;255;0;0;100;0;5;450;100;
1791534216.064	D7:5B:CA:55:9E:68	JBC_Std	E;806;26;9;0;350;4;20;20;1200;1200;252;0;0;100;0;5;400;100;
1791534216.365	EA:BE:3E:E6:32:90	JBC_NANO	E;845;30;2;0;350;4;48;48;1200;1200;255;0;0;100;0;5;450;100;
1791534216.394	D7:5B:CA:55:9E:68	JBC_Std	E;806;27;9;0;350;4;20;20;1200;1200;252;0;0;100;0;5;400;100;
1791534216.725	EA:BE:3E:E6:32:90	JBC_NANO	E;845;29;2;0;350;4;48;48;1200;1200;255;0;0;100;0;5;450;100;
1791534216.754	D7:5B:CA:55:9E:68	JBC_Std	E;806;27;9;0;350;4;20;20;1200;1200;252;0;0;100;0;5;400;100;
1791534217.084	EA:BE:3E:E6:32:90	JBC_NANO	E;845;29;2;0;350;4;48;48;1200;1200;255;0;0;100;0;5;450;100;
1791534217.114	D7:5B:CA:55:9E:68	JBC_Std	E;806;28;9;0;350;4;20;20;1200;1200;252;0;0;100;0;5;400;100;
1791534217.445	EA:BE:3E:E6:32:90	JBC_NANO	E;845;29;2;0;350;4;48;48;1200;1200;255;0;0;100;0;5;450;100;
1791534217.475	D7:5B:CA:55:9E:68	JBC_Std	E;806;28;9;0;350;4;20;20;1200;1200;252;0;0;100;0;5;400;100;
1791534217.804	EA:BE:3E:E6:32:90	JBC_NANO	E;845;29;2;0;350;4;48;48;1200;1200;255;0;0;100;0;5;450;100;
1791534217.835	D7:5B:CA:55:9E:68	JBC_Std	E;806;27;9;0;350;4;20;20;1200;1200;252;0;0;100;0;5;400;100;
1791534218.165	EA:BE:3E:E6:32:90	JBC_NANO	E;845;29;2;0;350;4;48;48;1200;1200;255;0;0;100;0;5;450;100;
1791534218.224	D7:5B:CA:55:9E:68	JBC_Std	E;806;27;9;0;350;4;20;20;1200;1200;252;0;0;100;0;5;400;100;
1791534218.495	EA:BE:3E:E6:32:90	JBC_NANO	E;845;29;2;0;350;4;48;48;1200;1200;255;0;0;100;0;5;450;100;
1791534218.584	D7:5B:CA:55:9E:68	JBC_Std	E;806;27;9;0;350;4;20;20;1200;1200;252;0;0;100;0;5;400;100;
1791534218.854	EA:BE:3E:E6:32:90	JBC_NANO	E;845;29;2;0;350;4;48;48;1200;1200;255;0;0;100;0;5;450;100;
1791534218.944	D7:5B:CA:55:9E:68	JBC_Std	E;806;27;9;0;350;4;20;20;1200;1200;252;0;0;100;0;5;400;100;
1791534219.215	EA:BE:3E:E6:32:90	JBC_NANO	E;845;29;2;0;350;4;48;48;1200;1200;255;0;0;100;0;5;450;100;
1791534219.304	D7:5B:CA:55:9E:68	JBC_Std	E;806;27;9;0;350;4;20;20;1200;1200;252;0;0;100;0;5;400;100;
1791534219.574	EA:BE:3E:E6:32:90	JBC_NANO	E;845;29;2;0;350;4;48;48;1200;1200;255;0;0;100;0;5;450;100;
1791534219.664	D7:5B:CA:55:9E:68	JBC_Std	E;806;27;9;0;350;4;20;20;1200;1200;252;0;0;100;0;5;400;100;
1791534219.934	EA:BE:3E:E6:32:90	JBC_NANO	E;845;29;2;0;350;4;48;48;1200;1200;255;0;0;100;0;5;450;100;
1791534220.024	D7:5B:CA:55:9E:68	JBC_Std	E;806;28;9;0;350;4;20;20;1200;1200;252;0;0;100;0;5;400;100;
1791534220.324	EA:BE:3E:E6:32:90	JBC_NANO	E;845;29;2;0;350;4;48;48;1200;1200;255;0;0;100;0;5;450;100;
1791534220.415	D7:5B:CA:55:9E:68	JBC_Std	E;806;28;9;0;350;4;20;20;1200;1200;252;0;0;100;0;5;400;100;
1791534220.686	EA:BE:3E:E6:32:90	JBC_NANO	E;845;29;2;0;350;4;48;48;1200;1200;255;0;0;100;0;5;450;100;
1791534220.774	D7:5B:CA:55:9E:68	JBC_Std	E;806;27;9;0;350;4;20;20;1200;1200;252;0;0;100;0;5;400;100;
1791534221.045	EA:BE:3E:E6:32:90	JBC_NANO	E;845;30;2;0;350;4;48;48;1200;1200;255;0;0;100;0;5;450;100;
1791534221.197	D7:5B:CA:55:9E:68	JBC_Std	E;806;28;9;0;350;4;20;20;1200;1200;252;0;0;100;0;5;400;100;
1791534221.405	EA:BE:3E:E6:32:90	JBC_NANO	E;845;30;2;0;350;4;48;48;1200;1200;255;0;0;100;0;5;450;100;
1791534221.495	D7:5B:CA:55:9E:68	JBC_Std	E;806;28;9;0;350;4;20;20;1200;1200;252;0;0;100;0;5;400;100;
1791534221.764	EA:BE:3E:E6:32:90	JBC_NANO	E;845;31;2;0;350;4;48;48;1200;1200;255;0;0;100;0;5;450;100;
1791534221.854	D7:5B:CA:55:9E:68	JBC_Std	E;806;28;9;0;350;4;20;20;1200;1200;252;0;0;100;0;5;400;100;
1791534222.124	EA:BE:3E:E6:32:90	JBC_NANO	E;845;31;2;0;350;4;48;48;1200;1200;255;0;0;100;0;5;450;100;
1791534222.304	D7:5B:CA:55:9E:68	JBC_Std	E;806;27;9;0;350;4;20;20;1200;1200;252;0;0;100;0;5;400;100;
1791534222.454	EA:BE:3E:E6:32:90	JBC_NANO	E;845;31;2;0;350;4;48;48;1200;1200;255;0;0;100;0;5;450;100;
1791534222.664	D7:5B:CA:55:9E:68	JBC_Std	E;806;27;9;0;350;4;20;20;1200;1200;252;0;0;100;0;5;400;100;
1791534222.815	EA:BE:3E:E6:32:90	JBC_NANO	E;845;31;2;0;350;4;48;48;1200;1200;255;0;0;100;0;5;450;100;
1791534223.024	D7:5B:CA:55:9E:68	JBC_Std	E;806;26;9;0;350;4;20;20;1200;1200;252;0;0;100;0;5;400;100;
1791534223.175	EA:BE:3E:E6:32:90	JBC_NANO	E;845;30;2;0;350;4;48;48;1200;1200;255;0;0;100;0;5;450;100;
1791534223.384	D7:5B:CA:55:9E:68	JBC_Std	E;806;27;9;0;350;4;20;20;1200;1200;252;0;0;100;0;5;400;100;
1791534223.534	EA:BE:3E:E6:32:90	JBC_NANO	E;845;30;2;0;350;4;48;48;1200;1200;255;0;0;100;0;5;450;100;
1791534223.744	D7:5B:CA:55:9E:68	JBC_Std	E;806;27;9;0;350;4;20;20;1200;1200;252;0;0;100;0;5;400;100;
1791534223.895	EA:BE:3E:E6:32:90	JBC_NANO	E;845;30;2;0;350;4;48;48;1200;1200;255;0;0;100;0;5;450;100;
1791534224.104	D7:5B:CA:55:9E:68	JBC_Std	E;806;27;9;0;350;4;20;20;1200;1200;252;0;0;100;0;5;400;100;
1791534224.284	EA:BE:3E:E6:32:90	JBC_NANO	E;845;29;2;0;350;4;48;48;1200;1200;255;0;0;100;0;5;450;100;
1791534224.435	D7:5B:CA:55:9E:68	JBC_Std	E;806;27;9;0;350;4;20;20;1200;1200;252;0;0;100;0;5;400;100;
1791534224.585	EA:BE:3E:E6:32:90	JBC_NANO	E;845;30;2;0;350;4;48;48;1200;1200;255;0;0;100;0;5;450;100;
1791534224.794	D7:5B:CA:55:9E:68	JBC_Std	E;806;26;9;0;350;4;20;20;1200;1200;252;0;0;100;0;5;400;100;
1791534224.944	EA:BE:3E:E6:32:90	JBC_NANO	E;845;30;2;0;350;4;48;48;1200;1200;255;0;0;100;0;5;450;100;
1791534225.154	D7:5B:CA:55:9E:68	JBC_Std	E;806;26;9;0;350;4;20;20;1200;1200;252;0;0;100;0;5;400;100;
1791534225.304	EA:BE:3E:E6:32:90	JBC_NANO	E;845;31;2;0;350;4;48;48;1200;1200;255;0;0;100;0;5;450;100;
1791534225.514	D7:5B:CA:55:9E:68	JBC_Std	E;806;26;9;0;350;4;20;20;1200;1200;252;0;0;100;0;5;400;100;
1791534225.724	EA:BE:3E:E6:32:90	JBC_NANO	E;845;31;2;0;350;4;48;48;1200;1200;255;0;0;100;0;5;450;100;
1791534225.874	D7:5B:CA:55:9E:68	JBC_Std	E;806;26;9;0;350;4;20;20;1200;1200;252;0;0;100;0;5;400;100;
1791534226.084	EA:BE:3E:E6:32:90	JBC_NANO	E;845;30;2;0;350;4;48;48;1200;1200;255;0;0;100;0;5;450;100;
1791534226.263	D7:5B:CA:55:9E:68	JBC_Std	E;806;27;9;0;350;4;20;20;1200;1200;252;0;0;100;0;5;400;100;
1791534226.415	EA:BE:3E:E6:32:90	JBC_NANO	E;845;30;2;0;350;4;48;48;1200;1200;255;0;0;100;0;5;450;100;
1791534226.624	D7:5B:CA:55:9E:68	JBC_Std	E;806;27;9;0;350;4;20;20;1200;1200;252;0;0;100;0;5;400;100;
1791534226.774	EA:BE:3E:E6:32:90	JBC_NANO	E;845;30;2;0;350;4;48;48;1200;1200;255;0;0;100;0;5;450;100;
1791534226.984	D7:5B:CA:55:9E:68	JBC_Std	E;806;28;9;0;350;4;20;20;1200;1200;252;0;0;100;0;5;400;100;
1791534227.134	EA:BE:3E:E6:32:90	JBC_NANO	E;845;29;2;0;350;4;48;48;1200;1200;255;0;0;100;0;5;450;100;
1791534227.343	D7:5B:CA:55:9E:68	JBC_Std	E;806;28;9;0;350;4;20;20;1200;1200;252;0;0;100;0;5;400;100;
1791534227.495	EA:BE:3E:E6:32:90	JBC_NANO	E;845;30;2;0;350;4;48;48;1200;1200;255;0;0;100;0;5;450;100;
1791534227.704	D7:5B:CA:55:9E:68	JBC_Std	E;806;27;9;0;350;4;20;20;1200;1200;252;0;0;100;0;5;400;100;
1791534227.855	EA:BE:3E:E6:32:90	JBC_NANO	E;845;30;2;0;350;4;48;48;1200;1200;255;0;0;100;0;5;450;100;
1791534228.123	D7:5B:CA:55:9E:68	JBC_Std	E;806;27;9;0;350;4;20;20;1200;1200;252;0;0;100;0;5;400;100;
1791534228.215	EA:BE:3E:E6:32:90	JBC_NANO	E;845;30;2;0;350;4;48;48;1200;1200;255;0;0;100;0;5;450;100;
1791534228.454	D7:5B:CA:55:9E:68	JBC_Std	E;806;27;9;0;350;4;20;20;1200;1200;252;0;0;100;0;5;400;100;
1791534228.545	EA:BE:3E:E6:32:90	JBC_NANO	E;845;30;2;0;350;4;48;48;1200;1200;255;0;0;100;0;5;450;100;
1791534228.814	D7:5B:CA:55:9E:68	JBC_Std	E;806;27;9;0;350;4;20;20;1200;1200;252;0;0;100;0;5;400;100;
1791534228.905	EA:BE:3E:E6:32:90	JBC_NANO	E;845;29;2;0;350;4;48;48;1200;1200;255;0;0;100;0;5;450;100;
1791534229.234	D7:5B:CA:55:9E:68	JBC_Std	E;806;27;9;0;350;4;20;20;1200;1200;252;0;0;100;0;5;400;100;
1791534229.264	EA:BE:3E:E6:32:90	JBC_NANO	E;845;29;2;0;350;4;48;48;1200;1200;255;0;0;100;0;5;450;100;
1791534229.593	D7:5B:CA:55:9E:68	JBC_Std	E;806;27;9;0;350;4;20;20;1200;1200;252;0;0;100;0;5;400;100;
1791534229.624	EA:BE:3E:E6:32:90	JBC_NANO	E;845;29;2;0;350;4;48;48;1200;1200;255;0;0;100;0;5;450;100;
1791534229.954	D7:5B:CA:55:9E:68	JBC_Std	E;806;26;9;0;350;4;20;20;1200;1200;252;0;0;100;0;5;400;100;
1791534229.984	EA:BE:3E:E6:32:90	JBC_NANO	E;845;30;2;0;350;4;48;48;1200;1200;255;0;0;100;0;5;450;100;
1791534230.344	D7:5B:CA:55:9E:68	JBC_Std	E;806;26;9;0;350;4;20;20;1200;1200;252;0;0;100;0;5;400;100;
1791534230.376	EA:BE:3E:E6:32:90	JBC_NANO	E;845;31;2;0;350;4;48;48;1200;1200;255;0;0;100;0;5;450;100;
1791534230.703	D7:5B:CA:55:9E:68	JBC_Std	E;806;26;9;0;350;4;20;20;1200;1200;252;0;0;100;0;5;400;100;
1791534230.735	EA:BE:3E:E6:32:90	JBC_NANO	E;845;31;2;0;350;4;48;48;1200;1200;255;0;0;100;0;5;450;100;
1791534231.063	D7:5B:CA:55:9E:68	JBC_Std	E;806;26;9;0;350;4;20;20;1200;1200;252;0;0;100;0;5;400;100;
1791534231.095	EA:BE:3E:E6:32:90	JBC_NANO	E;845;31;2;0;350;4;48;48;1200;1200;255;0;0;100;0;5;450;100;
1791534231.423	D7:5B:CA:55:9E:68	JBC_Std	E;806;27;9;0;350;4;20;20;1200;1200;252;0;0;100;0;5;400;100;
1791534231.454	EA:BE:3E:E6:32:90	JBC_NANO	E;845;30;2;0;350;4;48;48;1200;1200;255;0;0;100;0;5;450;100;
1791534231.784	D7:5B:CA:55:9E:68	JBC_Std	E;806;27;9;0;350;4;20;20;1200;1200;252;0;0;100;0;5;400;100;
1791534231.815	EA:BE:3E:E6:32:90	JBC_NANO	E;845;29;2;0;350;4;48;48;1200;1200;255;0;0;100;0;5;450;100;
1791534232.144	D7:5B:CA:55:9E:68	JBC_Std	E;806;27;9;0;350;4;20;20;1200;1200;252;0;0;100;0;5;400;100;
1791534232.235	EA:BE:3E:E6:32:90	JBC_NANO	E;845;29;2;0;350;4;48;48;1200;1200;255;0;0;100;0;5;450;100;
1791534232.474	D7:5B:CA:55:9E:68	JBC_Std	E;806;27;9;0;350;4;20;20;1200;1200;252;0;0;100;0;5;400;100;
1791534232.564	EA:BE:3E:E6:32:90	JBC_NANO	E;845;30;2;0;350;4;48;48;1200;1200;255;0;0;100;0;5;450;100;
1791534232.834	D7:5B:CA:55:9E:68	JBC_Std	E;806;27;9;0;350;4;20;20;1200;1200;252;0;0;100;0;5;400;100;
1791534232.924	EA:BE:3E:E6:32:90	JBC_NANO	E;845;30;2;0;350;4;48;48;1200;1200;255;0;0;100;0;5;450;100;
1791534233.194	D7:5B:CA:55:9E:68	JBC_Std	E;806;27;9;0;350;4;20;20;1200;1200;252;0;0;100;0;5;400;100;
1791534233.285	EA:BE:3E:E6:32:90	JBC_NANO	E;845;30;2;0;350;4;48;48;1200;1200;255;0;0;100;0;5;450;100;
1791534233.553	D7:5B:CA:55:9E:68	JBC_Std	E;806;26;9;0;350;4;20;20;1200;1200;252;0;0;100;0;5;400;100;
1791534233.644	EA:BE:3E:E6:32:90	JBC_NANO	E;845;30;2;0;350;4;48;48;1200;1200;255;0;0;100;0;5;450;100;
1791534233.914	D7:5B:CA:55:9E:68	JBC_Std	E;806;26;9;0;350;4;20;20;1200;1200;252;0;0;100;0;5;400;100;
1791534233.944	EA:BE:3E:E6:32:90	JBC_NANO	E;845;30;2;0;350;4;48;48;1200;1200;255;0;0;100;0;5;450;100;
1791534234.304	D7:5B:CA:55:9E:68	JBC_Std	E;806;26;9;0;350;4;20;20;1200;1200;252;0;0;100;0;5;400;100;
1791534234.334	EA:BE:3E:E6:32:90	JBC_NANO	E;845;30;2;0;350;4;48;48;1200;1200;255;0;0;100;0;5;450;100;
1791534234.634	EA:BE:3E:E6:32:90	JBC_NANO	E;845;30;2;0;350;4;48;48;1200;1200;255;0;0;100;0;5;450;100;
1791534234.663	D7:5B:CA:55:9E:68	JBC_Std	E;806;27;9;0;350;4;20;20;1200;1200;252;0;0;100;0;5;400;100;
1791534234.994	EA:BE:3E:E6:32:90	JBC_NANO	E;845;30;2;0;350;4;48;48;1200;1200;255;0;0;100;0;5;450;100;
1791534235.024	D7:5B:CA:55:9E:68	JBC_Std	E;806;27;9;0;350;4;20;20;1200;1200;252;0;0;100;0;5;400;100;
1791534235.354	EA:BE:3E:E6:32:90	JBC_NANO	E;845;30;2;0;350;4;48;48;1200;1200;255;0;0;100;0;5;450;100;
1791534235.384	D7:5B:CA:55:9E:68	JBC_Std	E;806;27;9;0;350;4;20;20;1200;1200;252;0;0;100;0;5;400;100;
1791534235.654	EA:BE:3E:E6:32:90	JBC_NANO	E;845;30;2;0;350;4;48;48;1200;1200;255;0;0;100;0;5;450;100;
1791534235.743	D7:5B:CA:55:9E:68	JBC_Std	E;806;28;9;0;350;4;20;20;1200;1200;252;0;0;100;0;5;400;100;
1791534236.014	EA:BE:3E:E6:32:90	JBC_NANO	E;845;30;2;0;350;4;48;48;1200;1200;255;0;0;100;0;5;450;100;
1791534236.103	D7:5B:CA:55:9E:68	JBC_Std	E;806;28;9;0;350;4;20;20;1200;1200;252;0;0;100;0;5;400;100;
1791534236.405	EA:BE:3E:E6:32:90	JBC_NANO	E;845;30;2;0;350;4;48;48;1200;1200;255;0;0;100;0;5;450;100;
1791534236.433	D7:5B:CA:55:9E:68	JBC_Std	E;806;28;9;0;350;4;20;20;1200;1200;252;0;0;100;0;5;400;100;
1791534236.764	EA:BE:3E:E6:32:90	JBC_NANO	E;845;30;2;0;350;4;48;48;1200;1200;255;0;0;100;0;5;450;100;
1791534236.793	D7:5B:CA:55:9E:68	JBC_Std	E;806;28;9;0;350;4;20;20;1200;1200;252;0;0;100;0;5;400;100;
1791534237.125	EA:BE:3E:E6:32:90	JBC_NANO	E;845;29;2;0;350;4;48;48;1200;1200;255;0;0;100;0;5;450;100;
1791534237.213	D7:5B:CA:55:9E:68	JBC_Std	E;806;28;9;0;350;4;20;20;1200;1200;252;0;0;100;0;5;400;100;
1791534237.484	EA:BE:3E:E6:32:90	JBC_NANO	E;845;29;2;0;350;4;48;48;1200;1200;255;0;0;100;0;5;450;100;
1791534237.514	D7:5B:CA:55:9E:68	JBC_Std	E;806;27;9;0;350;4;20;20;1200;1200;252;0;0;100;0;5;400;100;
1791534237.845	EA:BE:3E:E6:32:90	JBC_NANO	E;845;29;2;0;350;4;48;48;1200;1200;255;0;0;100;0;5;450;100;
1791534237.874	D7:5B:CA:55:9E:68	JBC_Std	E;806;27;9;0;350;4;20;20;1200;1200;252;0;0;100;0;5;400;100;
1791534238.204	EA:BE:3E:E6:32:90	JBC_NANO	E;845;29;2;0;350;4;48;48;1200;1200;255;0;0;100;0;5;450;100;
1791534238.234	D7:5B:CA:55:9E:68	JBC_Std	E;806;26;9;0;350;4;20;20;1200;1200;252;0;0;100;0;5;400;100;
1791534238.534	EA:BE:3E:E6:32:90	JBC_NANO	E;845;29;2;0;350;4;48;48;1200;1200;255;0;0;100;0;5;450;100;
1791534238.564	D7:5B:CA:55:9E:68	JBC_Std	E;806;26;9;0;350;4;20;20;1200;1200;252;0;0;100;0;5;400;100;
1791534238.894	EA:BE:3E:E6:32:90	JBC_NANO	E;845;30;2;0;350;4;48;48;1200;1200;255;0;0;100;0;5;450;100;
1791534238.953	D7:5B:CA:55:9E:68	JBC_Std	E;806;27;9;0;350;4;20;20;1200;1200;252;0;0;100;0;5;400;100;
1791534239.284	EA:BE:3E:E6:32:90	JBC_NANO	E;845;30;2;0;350;4;48;48;1200;1200;255;0;0;100;0;5;450;100;
1791534239.314	D7:5B:CA:55:9E:68	JBC_Std	E;806;27;9;0;350;4;20;20;1200;1200;252;0;0;100;0;5;400;100;
1791534239.644	EA:BE:3E:E6:32:90	JBC_NANO	E;845;31;2;0;350;4;48;48;1200;1200;255;0;0;100;0;5;450;100;
1791534239.673	D7:5B:CA:55:9E:68	JBC_Std	E;806;27;9;0;350;4;20;20;1200;1200;252;0;0;100;0;5;400;100;
1791534240.004	EA:BE:3E:E6:32:90	JBC_NANO	E;845;30;2;0;350;4;48;48;1200;1200;255;0;0;100;0;5;450;100;
1791534240.034	D7:5B:CA:55:9E:68	JBC_Std	E;806;27;9;0;350;4;20;20;1200;1200;252;0;0;100;0;5;400;100;
1791534240.305	EA:BE:3E:E6:32:90	JBC_NANO	E;845;30;2;0;350;4;48;48;1200;1200;255;0;0;100;0;5;450;100;
1791534240.424	D7:5B:CA:55:9E:68	JBC_Std	E;806;26;9;0;350;4;20;20;1200;1200;252;0;0;100;0;5;400;100;
1791534240.754	EA:BE:3E:E6:32:90	JBC_NANO	E;845;30;2;0;350;4;48;48;1200;1200;255;0;0;100;0;5;450;100;
1791534240.784	D7:5B:CA:55:9E:68	JBC_Std	E;806;26;9;0;350;4;20;20;1200;1200;252;0;0;100;0;5;400;100;
1791534241.114	EA:BE:3E:E6:32:90	JBC_NANO	E;845;30;2;0;350;4;48;48;1200;1200;255;0;0;100;0;5;450;100;
1791534241.144	D7:5B:CA:55:9E:68	JBC_Std	E;806;26;9;0;350;4;20;20;1200;1200;252;0;0;100;0;5;400;100;
1791534241.474	EA:BE:3E:E6:32:90	JBC_NANO	E;845;30;2;0;350;4;48;48;1200;1200;255;0;0;100;0;5;450;100;
1791534241.504	D7:5B:CA:55:9E:68	JBC_Std	E;806;26;9;0;350;4;20;20;1200;1200;252;0;0;100;0;5;400;100;
1791534241.834	D7:5B:CA:55:9E:68	JBC_Std	E;806;26;9;0;350;4;20;20;1200;1200;252;0;0;100;0;5;400;100;
1791534241.863	EA:BE:3E:E6:32:90	JBC_NANO	E;845;30;2;0;350;4;48;48;1200;1200;255;0;0;100;0;5;450;100;
1791534242.193	D7:5B:CA:55:9E:68	JBC_Std	E;806;26;9;0;350;4;20;20;1200;1200;252;0;0;100;0;5;400;100;
1791534242.224	EA:BE:3E:E6:32:90	JBC_NANO	E;845;29;2;0;350;4;48;48;1200;1200;255;0;0;100;0;5;450;100;
1791534242.555	EA:BE:3E:E6:32:90	JBC_NANO	E;845;30;2;0;350;4;48;48;1200;1200;255;0;0;100;0;5;450;100;
1791534242.583	D7:5B:CA:55:9E:68	JBC_Std	E;806;26;9;0;350;4;20;20;1200;1200;252;0;0;100;0;5;400;100;
1791534242.914	EA:BE:3E:E6:32:90	JBC_NANO	E;845;30;2;0;350;4;48;48;1200;1200;255;0;0;100;0;5;450;100;
1791534242.944	D7:5B:CA:55:9E:68	JBC_Std	E;806;26;9;0;350;4;20;20;1200;1200;252;0;0;100;0;5;400;100;
1791534243.244	EA:BE:3E:E6:32:90	JBC_NANO	E;845;30;2;0;350;4;48;48;1200;1200;255;0;0;100;0;5;450;100;
1791534243.274	D7:5B:CA:55:9E:68	JBC_Std	E;806;27;9;0;350;4;20;20;1200;1200;252;0;0;100;0;5;400;100;
1791534243.604	EA:BE:3E:E6:32:90	JBC_NANO	E;845;30;2;0;350;4;48;48;1200;1200;255;0;0;100;0;5;450;100;
1791534243.634	D7:5B:CA:55:9E:68	JBC_Std	E;806;28;9;0;350;4;20;20;1200;1200;252;0;0;100;0;5;400;100;
1791534243.964	EA:BE:3E:E6:32:90	JBC_NANO	E;845;31;2;0;350;4;48;48;1200;1200;255;0;0;100;0;5;450;100;
1791534243.994	D7:5B:CA:55:9E:68	JBC_Std	E;806;28;9;0;350;4;20;20;1200;1200;252;0;0;100;0;5;400;100;
1791534244.324	EA:BE:3E:E6:32:90	JBC_NANO	E;845;31;2;0;350;4;48;48;1200;1200;255;0;0;100;0;5;450;100;
1791534244.353	D7:5B:CA:55:9E:68	JBC_Std	E;806;27;9;0;350;4;20;20;1200;1200;252;0;0;100;0;5;400;100;
1791534244.684	EA:BE:3E:E6:32:90	JBC_NANO	E;845;31;2;0;350;4;48;48;1200;1200;255;0;0;100;0;5;450;100;
1791534244.713	D7:5B:CA:55:9E:68	JBC_Std	E;806;27;9;0;350;4;20;20;1200;1200;252;0;0;100;0;5;400;100;
1791534245.074	EA:BE:3E:E6:32:90	JBC_NANO	E;845;31;2;0;350;4;48;48;1200;1200;255;0;0;100;0;5;450;100;
1791534245.103	D7:5B:CA:55:9E:68	JBC_Std	E;806;26;9;0;350;4;20;20;1200;1200;252;0;0;100;0;5;400;100;
1791534245.374	EA:BE:3E:E6:32:90	JBC_NANO	E;845;30;2;0;350;4;48;48;1200;1200;255;0;0;100;0;5;450;100;
1791534245.464	D7:5B:CA:55:9E:68	JBC_Std	E;806;27;9;0;350;4;20;20;1200;1200;252;0;0;100;0;5;400;100;
1791534245.735	EA:BE:3E:E6:32:90	JBC_NANO	E;845;30;2;0;350;4;48;48;1200;1200;255;0;0;100;0;5;450;100;
1791534245.824	D7:5B:CA:55:9E:68	JBC_Std	E;806;27;9;0;350;4;20;20;1200;1200;252;0;0;100;0;5;400;100;
1791534246.094	EA:BE:3E:E6:32:90	JBC_NANO	E;845;30;2;0;350;4;48;48;1200;1200;255;0;0;100;0;5;450;100;
1791534246.183	D7:5B:CA:55:9E:68	JBC_Std	E;806;27;9;0;350;4;20;20;1200;1200;252;0;0;100;0;5;400;100;
1791534246.454	EA:BE:3E:E6:32:90	JBC_NANO	E;845;30;2;0;350;4;48;48;1200;1200;255;0;0;100;0;5;450;100;
1791534246.544	D7:5B:CA:55:9E:68	JBC_Std	E;806;27;9;0;350;4;20;20;1200;1200;252;0;0;100;0;5;400;100;
1791534246.814	EA:BE:3E:E6:32:90	JBC_NANO	E;845;30;2;0;350;4;48;48;1200;1200;254;0;0;100;0;5;450;100;
1791534246.903	D7:5B:CA:55:9E:68	JBC_Std	E;806;27;9;0;350;4;20;20;1200;1200;252;0;0;100;0;5;400;100;
1791534247.203	EA:BE:3E:E6:32:90	JBC_NANO	E;845;29;2;0;350;4;48;48;1200;1200;254;0;0;100;0;5;450;100;
1791534247.233	D7:5B:CA:55:9E:68	JBC_Std	E;806;27;9;0;350;4;20;20;1200;1200;252;0;0;100;0;5;400;100;
1791534247.564	EA:BE:3E:E6:32:90	JBC_NANO	E;845;30;2;0;350;4;48;48;1200;1200;255;0;0;100;0;5;450;100;
1791534247.594	D7:5B:CA:55:9E:68	JBC_Std	E;806;27;9;0;350;4;20;20;1200;1200;252;0;0;100;0;5;400;100;
1791534247.924	EA:BE:3E:E6:32:90	JBC_NANO	E;845;30;2;0;350;4;48;48;1200;1200;255;0;0;100;0;5;450;100;
1791534247.954	D7:5B:CA:55:9E:68	JBC_Std	E;806;27;9;0;350;4;20;20;1200;1200;252;0;0;100;0;5;400;100;
1791534248.284	EA:BE:3E:E6:32:90	JBC_NANO	E;845;30;2;0;350;4;48;48;1200;1200;255;0;0;100;0;5;450;100;
1791534248.314	D7:5B:CA:55:9E:68	JBC_Std	E;806;26;9;0;350;4;20;20;1200;1200;252;0;0;100;0;5;400;100;
1791534248.673	D7:5B:CA:55:9E:68	JBC_Std	E;806;26;9;0;350;4;20;20;1200;1200;252;0;0;100;0;5;400;100;
1791534248.704	EA:BE:3E:E6:32:90	JBC_NANO	E;845;29;2;0;350;4;48;48;1200;1200;254;0;0;100;0;5;450;100;
1791534249.064	D7:5B:CA:55:9E:68	JBC_Std	E;806;26;9;0;350;4;20;20;1200;1200;252;0;0;100;0;5;400;100;
1791534249.094	EA:BE:3E:E6:32:90	JBC_NANO	E;845;29;2;0;350;4;48;48;1200;1200;254;0;0;100;0;5;450;100;
1791534249.394	EA:BE:3E:E6:32:90	JBC_NANO	E;845;29;2;0;350;4;48;48;1200;1200;255;0;0;100;0;5;450;100;
1791534249.423	D7:5B:CA:55:9E:68	JBC_Std	E;806;26;9;0;350;4;20;20;1200;1200;252;0;0;100;0;5;400;100;
1791534249.754	EA:BE:3E:E6:32:90	JBC_NANO	E;845;29;2;0;350;4;48;48;1200;1200;255;0;0;100;0;5;450;100;
1791534249.784	D7:5B:CA:55:9E:68	JBC_Std	E;806;27;9;0;350;4;20;20;1200;1200;252;0;0;100;0;5;400;100;
1791534250.114	EA:BE:3E:E6:32:90	JBC_NANO	E;845;30;2;0;350;4;48;48;1200;1200;254;0;0;100;0;5;450;100;
1791534250.143	D7:5B:CA:55:9E:68	JBC_Std	E;806;28;9;0;350;4;20;20;1200;1200;252;0;0;100;0;5;400;100;
1791534250.474	EA:BE:3E:E6:32:90	JBC_NANO	E;845;30;2;0;350;4;48;48;1200;1200;254;0;0;100;0;5;450;100;
1791534250.503	D7:5B:CA:55:9E:68	JBC_Std	E;806;28;9;0;350;4;20;20;1200;1200;252;0;0;100;0;5;400;100;
1791534250.834	EA:BE:3E:E6:32:90	JBC_NANO	E;845;30;2;0;350;4;48;48;1200;1200;254;0;0;100;0;5;450;100;
1791534250.863	D7:5B:CA:55:9E:68	JBC_Std	E;806;28;9;0;350;4;20;20;1200;1200;252;0;0;100;0;5;400;100;
1791534251.224	EA:BE:3E:E6:32:90	JBC_NANO	E;845;30;2;0;350;4;48;48;1200;1200;254;0;0;100;0;5;450;100;
1791534251.253	D7:5B:CA:55:9E:68	JBC_Std	E;806;27;9;0;350;4;20;20;1200;1200;252;0;0;100;0;5;400;100;
1791534251.584	EA:BE:3E:E6:32:90	JBC_NANO	E;845;31;2;0;350;4;48;48;1200;1200;254;0;0;100;0;5;450;100;
1791534251.613	D7:5B:CA:55:9E:68	JBC_Std	E;806;27;9;0;350;4;20;20;1200;1200;252;0;0;100;0;5;400;100;
1791534251.943	EA:BE:3E:E6:32:90	JBC_NANO	E;845;30;2;0;350;4;48;48;1200;1200;254;0;0;100;0;5;450;100;
1791534251.974	D7:5B:CA:55:9E:68	JBC_Std	E;806;27;9;0;350;4;20;20;1200;1200;252;0;0;100;0;5;400;100;
1791534252.304	EA:BE:3E:E6:32:90	JBC_NANO	E;845;30;2;0;350;4;48;48;1200;1200;254;0;0;100;0;5;450;100;
1791534252.334	D7:5B:CA:55:9E:68	JBC_Std	E;806;27;9;0;350;4;20;20;1200;1200;252;0;0;100;0;5;400;100;
1791534252.664	EA:BE:3E:E6:32:90	JBC_NANO	E;845;30;2;0;350;4;48;48;1200;1200;254;0;0;100;0;5;450;100;
1791534252.693	D7:5B:CA:55:9E:68	JBC_Std	E;806;27;9;0;350;4;20;20;1200;1200;252;0;0;100;0;5;400;100;
1791534253.024	EA:BE:3E:E6:32:90	JBC_NANO	E;845;30;2;0;350;4;48;48;1200;1200;254;0;0;100;0;5;450;100;
1791534253.084	D7:5B:CA:55:9E:68	JBC_Std	E;806;26;9;0;350;4;20;20;1200;1200;252;0;0;100;0;5;400;100;
1791534253.354	EA:BE:3E:E6:32:90	JBC_NANO	E;845;30;2;0;350;4;48;48;1200;1200;254;0;0;100;0;5;450;100;
1791534253.443	D7:5B:CA:55:9E:68	JBC_Std	E;806;26;9;0;350;4;20;20;1200;1200;252;0;0;100;0;5;400;100;
1791534253.654	EA:BE:3E:E6:32:90	JBC_NANO	E;845;30;2;0;350;4;48;48;1200;1200;254;0;0;100;0;5;450;100;
1791534253.803	D7:5B:CA:55:9E:68	JBC_Std	E;806;26;9;0;350;4;20;20;1200;1200;252;0;0;100;0;5;400;100;
1791534254.014	EA:BE:3E:E6:32:90	JBC_NANO	E;845;30;2;0;350;4;48;48;1200;1200;254;0;0;100;0;5;450;100;
1791534254.163	D7:5B:CA:55:9E:68	JBC_Std	E;806;26;9;0;350;4;20;20;1200;1200;252;0;0;100;0;5;400;100;
1791534254.373	EA:BE:3E:E6:32:90	JBC_NANO	E;845;29;2;0;350;4;48;48;1200;1200;254;0;0;100;0;5;450;100;
1791534254.523	D7:5B:CA:55:9E:68	JBC_Std	E;806;26;9;0;350;4;20;20;1200;1200;252;0;0;100;0;5;400;100;
1791534254.734	EA:BE:3E:E6:32:90	JBC_NANO	E;845;29;2;0;350;4;48;48;1200;1200;254;0;0;100;0;5;450;100;
1791534254.884	D7:5B:CA:55:9E:68	JBC_Std	E;806;27;9;0;350;4;20;20;1200;1200;252;0;0;100;0;5;400;100;
1791534255.123	EA:BE:3E:E6:32:90	JBC_NANO	E;845;29;2;0;350;4;48;48;1200;1200;254;0;0;100;0;5;450;100;
1791534255.214	D7:5B:CA:55:9E:68	JBC_Std	E;806;27;9;0;350;4;20;20;1200;1200;252;0;0;100;0;5;400;100;
1791534255.424	EA:BE:3E:E6:32:90	JBC_NANO	E;845;29;2;0;350;4;48;48;1200;1200;254;0;0;100;0;5;450;100;
1791534255.573	D7:5B:CA:55:9E:68	JBC_Std	E;806;27;9;0;350;4;20;20;1200;1200;252;0;0;100;0;5;400;100;
1791534255.783	EA:BE:3E:E6:32:90	JBC_NANO	E;845;29;2;0;350;4;48;48;1200;1200;254;0;0;100;0;5;450;100;
1791534255.933	D7:5B:CA:55:9E:68	JBC_Std	E;806;27;9;0;350;4;20;20;1200;1200;252;0;0;100;0;5;400;100;
1791534256.203	EA:BE:3E:E6:32:90	JBC_NANO	E;845;29;2;0;350;4;48;48;1200;1200;254;0;0;100;0;5;450;100;
1791534256.293	D7:5B:CA:55:9E:68	JBC_Std	E;806;27;9;0;350;4;20;20;1200;1200;252;0;0;100;0;5;400;100;
1791534256.504	EA:BE:3E:E6:32:90	JBC_NANO	E;845;29;2;0;350;4;48;48;1200;1200;254;0;0;100;0;5;450;100;
1791534256.653	D7:5B:CA:55:9E:68	JBC_Std	E;806;27;9;0;350;4;20;20;1200;1200;252;0;0;100;0;5;400;100;
1791534256.864	EA:BE:3E:E6:32:90	JBC_NANO	E;845;29;2;0;350;4;48;48;1200;1200;254;0;0;100;0;5;450;100;
1791534257.013	D7:5B:CA:55:9E:68	JBC_Std	E;806;27;9;0;350;4;20;20;1200;1200;252;0;0;100;0;5;400;100;
1791534257.254	EA:BE:3E:E6:32:90	JBC_NANO	E;845;29;2;0;350;4;48;48;1200;1200;254;0;0;100;0;5;450;100;
1791534257.373	D7:5B:CA:55:9E:68	JBC_Std	E;806;27;9;0;350;4;20;20;1200;1200;252;0;0;100;0;5;400;100;
1791534257.644	EA:BE:3E:E6:32:90	JBC_NANO	E;845;30;2;0;350;4;48;48;1200;1200;254;0;0;100;0;5;450;100;
1791534257.733	D7:5B:CA:55:9E:68	JBC_Std	E;806;27;9;0;350;4;20;20;1200;1200;252;0;0;100;0;5;400;100;
1791534258.005	EA:BE:3E:E6:32:90	JBC_NANO	E;845;30;2;0;350;4;48;48;1200;1200;254;0;0;100;0;5;450;100;
1791534258.093	D7:5B:CA:55:9E:68	JBC_Std	E;806;27;9;0;350;4;20;20;1200;1200;252;0;0;100;0;5;400;100;
1791534258.363	EA:BE:3E:E6:32:90	JBC_NANO	E;845;30;2;0;350;4;48;48;1200;1200;254;0;0;100;0;5;450;100;
1791534258.513	D7:5B:CA:55:9E:68	JBC_Std	E;806;27;9;0;350;4;20;20;1200;1200;252;0;0;100;0;5;400;100;
1791534258.724	EA:BE:3E:E6:32:90	JBC_NANO	E;845;31;2;0;350;4;48;48;1200;1200;254;0;0;100;0;5;450;100;
1791534258.813	D7:5B:CA:55:9E:68	JBC_Std	E;806;27;9;0;350;4;20;20;1200;1200;252;0;0;100;0;5;400;100;
1791534259.083	EA:BE:3E:E6:32:90	JBC_NANO	E;845;30;2;0;350;4;48;48;1200;1200;254;0;0;100;0;5;450;100;
1791534259.203	D7:5B:CA:55:9E:68	JBC_Std	E;806;26;9;0;350;4;20;20;1200;1200;252;0;0;100;0;5;400;100;
1791534259.414	EA:BE:3E:E6:32:90	JBC_NANO	E;845;31;2;0;350;4;48;48;1200;1200;254;0;0;100;0;5;450;100;
1791534259.563	D7:5B:CA:55:9E:68	JBC_Std	E;806;26;9;0;350;4;20;20;1200;1200;252;0;0;100;0;5;400;100;
1791534259.774	EA:BE:3E:E6:32:90	JBC_NANO	E;845;31;2;0;350;4;48;48;1200;1200;254;0;0;100;0;5;450;100;
1791534259.893	D7:5B:CA:55:9E:68	JBC_Std	E;806;26;9;0;350;4;20;20;1200;1200;252;0;0;100;0;5;400;100;
1791534260.163	EA:BE:3E:E6:32:90	JBC_NANO	E;845;30;2;0;350;4;48;48;1200;1200;254;0;0;100;0;5;450;100;
1791534260.254	D7:5B:CA:55:9E:68	JBC_Std	E;806;26;9;0;350;4;20;20;1200;1200;252;0;0;100;0;5;400;100;
1791534260.554	EA:BE:3E:E6:32:90	JBC_NANO	E;845;31;2;0;350;4;48;48;1200;1200;254;0;0;100;0;5;450;100;
1791534260.583	D7:5B:CA:55:9E:68	JBC_Std	E;806;27;9;0;350;4;20;20;1200;1200;252;0;0;100;0;5;400;100;
1791534260.914	EA:BE:3E:E6:32:90	JBC_NANO	E;845;31;2;0;350;4;48;48;1200;1200;254;0;0;100;0;5;450;100;
1791534260.943	D7:5B:CA:55:9E:68	JBC_Std	E;806;27;9;0;350;4;20;20;1200;1200;252;0;0;100;0;5;400;100;
1791534261.274	EA:BE:3E:E6:32:90	JBC_NANO	E;845;30;2;0;350;4;48;48;1200;1200;254;0;0;100;0;5;450;100;
1791534261.304	D7:5B:CA:55:9E:68	JBC_Std	E;806;27;9;0;350;4;20;20;1200;1200;252;0;0;100;0;5;400;100;
1791534261.633	EA:BE:3E:E6:32:90	JBC_NANO	E;845;30;2;0;350;4;48;48;1200;1200;254;0;0;100;0;5;450;100;
1791534261.662	D7:5B:CA:55:9E:68	JBC_Std	E;806;27;9;0;350;4;20;20;1200;1200;252;0;0;100;0;5;400;100;
1791534261.993	EA:BE:3E:E6:32:90	JBC_NANO	E;845;29;2;0;350;4;48;48;1200;1200;254;0;0;100;0;5;450;100;
1791534262.023	D7:5B:CA:55:9E:68	JBC_Std	E;806;27;9;0;350;4;20;19;1200;1199;252;0;0;100;0;5;400;100;
1791534262.354	EA:BE:3E:E6:32:90	JBC_NANO	E;845;29;2;0;350;4;48;48;1200;1200;254;0;0;100;0;5;450;100;
1791534262.383	D7:5B:CA:55:9E:68	JBC_Std	E;806;27;9;0;350;4;20;20;1200;1200;252;0;0;100;0;5;400;100;
1791534262.684	EA:BE:3E:E6:32:90	JBC_NANO	E;845;29;2;0;350;4;48;48;1200;1200;254;0;0;100;0;5;450;100;
1791534262.713	D7:5B:CA:55:9E:68	JBC_Std	E;806;27;9;0;350;4;20;20;1200;1200;252;0;0;100;0;5;400;100;
1791534263.073	D7:5B:CA:55:9E:68	JBC_Std	E;806;27;9;0;350;4;20;20;1200;1200;252;0;0;100;0;5;400;100;
1791534263.104	EA:BE:3E:E6:32:90	JBC_NANO	E;845;30;2;0;350;4;48;48;1200;1200;254;0;0;100;0;5;450;100;
1791534263.464	EA:BE:3E:E6:32:90	JBC_NANO	E;845;30;2;0;350;4;48;48;1200;1200;254;0;0;100;0;5;450;100;
1791534263.492	D7:5B:CA:55:9E:68	JBC_Std	E;806;27;9;0;350;4;20;20;1200;1200;252;0;0;100;0;5;400;100;
1791534263.794	D7:5B:CA:55:9E:68	JBC_Std	E;806;28;9;0;350;4;20;20;1200;1200;252;0;0;100;0;5;400;100;
1791534263.824	EA:BE:3E:E6:32:90	JBC_NANO	E;845;30;2;0;350;4;48;48;1200;1200;254;0;0;100;0;5;450;100;
1791534264.154	D7:5B:CA:55:9E:68	JBC_Std	E;806;27;9;0;350;4;20;20;1200;1200;252;0;0;100;0;5;400;100;
1791534264.184	EA:BE:3E:E6:32:90	JBC_NANO	E;845;30;2;0;350;4;48;48;1200;1200;254;0;0;100;0;5;450;100;
1791534264.543	D7:5B:CA:55:9E:68	JBC_Std	E;806;27;9;0;350;4;20;20;1200;1200;252;0;0;100;0;5;400;100;
1791534264.574	EA:BE:3E:E6:32:90	JBC_NANO	E;845;30;2;0;350;4;48;48;1200;1200;254;0;0;100;0;5;450;100;
1791534264.934	EA:BE:3E:E6:32:90	JBC_NANO	E;845;30;2;0;350;4;48;47;1200;1199;254;0;0;100;0;5;450;100;
1791534264.962	D7:5B:CA:55:9E:68	JBC_Std	E;806;27;9;0;350;4;20;20;1200;1200;252;0;0;100;0;5;400;100;
1791534265.263	D7:5B:CA:55:9E:68	JBC_Std	E;806;26;9;0;350;4;20;20;1200;1200;252;0;0;100;0;5;400;100;
1791534265.294	EA:BE:3E:E6:32:90	JBC_NANO	E;845;29;2;0;350;4;48;48;1200;1200;254;0;0;100;0;5;450;100;
1791534265.563	D7:5B:CA:55:9E:68	JBC_Std	E;806;26;9;0;350;4;20;20;1200;1200;252;0;0;100;0;5;400;100;
1791534265.653	EA:BE:3E:E6:32:90	JBC_NANO	E;845;29;2;0;350;4;48;48;1200;1200;254;0;0;100;0;5;450;100;
1791534265.923	D7:5B:CA:55:9E:68	JBC_Std	E;806;26;9;0;350;4;20;20;1200;1200;252;0;0;100;0;5;400;100;
1791534265.954	EA:BE:3E:E6:32:90	JBC_NANO	E;845;29;2;0;350;4;48;48;1200;1200;254;0;0;100;0;5;450;100;
1791534266.223	D7:5B:CA:55:9E:68	JBC_Std	E;806;26;9;0;350;4;20;20;1200;1200;252;0;0;100;0;5;400;100;
1791534266.314	EA:BE:3E:E6:32:90	JBC_NANO	E;845;29;2;0;350;4;48;48;1200;1200;254;0;0;100;0;5;450;100;
1791534266.553	D7:5B:CA:55:9E:68	JBC_Std	E;806;27;9;0;350;4;20;20;1200;1200;252;0;0;100;0;5;400;100;
1791534266.643	EA:BE:3E:E6:32:90	JBC_NANO	E;845;29;2;0;350;4;48;48;1200;1200;254;0;0;100;0;5;450;100;
1791534266.913	D7:5B:CA:55:9E:68	JBC_Std	E;806;27;9;0;350;4;20;20;1200;1200;252;0;0;100;0;5;400;100;
1791534266.943	EA:BE:3E:E6:32:90	JBC_NANO	E;845;29;2;0;350;4;48;48;1200;1200;254;0;0;100;0;5;450;100;
1791534267.273	D7:5B:CA:55:9E:68	JBC_Std	E;806;28;9;0;350;4;20;20;1200;1200;252;0;0;100;0;5;400;100;
1791534267.303	EA:BE:3E:E6:32:90	JBC_NANO	E;845;29;2;0;350;4;48;48;1200;1200;254;0;0;100;0;5;450;100;
1791534267.633	D7:5B:CA:55:9E:68	JBC_Std	E;806;28;9;0;350;4;20;20;1200;1200;252;0;0;100;0;5;400;100;
1791534267.664	EA:BE:3E:E6:32:90	JBC_NANO	E;845;30;2;0;350;4;48;48;1200;1200;254;0;0;100;0;5;450;100;
1791534267.993	D7:5B:CA:55:9E:68	JBC_Std	E;806;28;9;0;350;4;20;20;1200;1200;252;0;0;100;0;5;400;100;
1791534268.023	EA:BE:3E:E6:32:90	JBC_NANO	E;845;29;2;0;350;4;48;48;1200;1200;254;0;0;100;0;5;450;100;
1791534268.353	D7:5B:CA:55:9E:68	JBC_Std	E;806;28;9;0;350;4;20;20;1200;1200;252;0;0;100;0;5;400;100;
1791534268.384	EA:BE:3E:E6:32:90	JBC_NANO	E;845;29;2;0;350;4;48;48;1200;1200;254;0;0;100;0;5;450;100;
1791534268.682	D7:5B:CA:55:9E:68	JBC_Std	E;806;28;9;0;350;4;20;20;1200;1200;252;0;0;100;0;5;400;100;
1791534268.714	EA:BE:3E:E6:32:90	JBC_NANO	E;845;29;2;0;350;4;48;48;1200;1200;254;0;0;100;0;5;450;100;
1791534269.043	D7:5B:CA:55:9E:68	JBC_Std	E;806;28;9;0;350;4;20;20;1200;1200;252;0;0;100;0;5;400;100;
1791534269.074	EA:BE:3E:E6:32:90	JBC_NANO	E;845;29;2;0;350;4;48;48;1200;1200;254;0;0;100;0;5;450;100;
1791534269.343	D7:5B:CA:55:9E:68	JBC_Std	E;806;27;9;0;350;4;20;20;1200;1200;252;0;0;100;0;5;400;100;
1791534269.493	EA:BE:3E:E6:32:90	JBC_NANO	E;845;29;2;0;350;4;48;48;1200;1200;254;0;0;100;0;5;450;100;
1791534269.703	D7:5B:CA:55:9E:68	JBC_Std	E;806;27;9;0;350;4;20;20;1200;1200;252;0;0;100;0;5;400;100;
1791534269.793	EA:BE:3E:E6:32:90	JBC_NANO	E;845;30;2;0;350;4;48;48;1200;1200;254;0;0;100;0;5;450;100;
1791534270.062	D7:5B:CA:55:9E:68	JBC_Std	E;806;27;9;0;350;4;20;20;1200;1200;252;0;0;100;0;5;400;100;
1791534270.153	EA:BE:3E:E6:32:90	JBC_NANO	E;845;30;2;0;350;4;48;48;1200;1200;254;0;0;100;0;5;450;100;
1791534270.423	D7:5B:CA:55:9E:68	JBC_Std	E;806;26;9;0;350;4;20;20;1200;1200;252;0;0;100;0;5;400;100;
1791534270.454	EA:BE:3E:E6:32:90	JBC_NANO	E;845;30;2;0;350;4;48;48;1200;1200;254;0;0;100;0;5;450;100;
1791534270.753	D7:5B:CA:55:9E:68	JBC_Std	E;806;27;9;0;350;4;20;20;1200;1200;252;0;0;100;0;5;400;100;
1791534270.783	EA:BE:3E:E6:32:90	JBC_NANO	E;845;30;2;0;350;4;48;48;1200;1200;254;0;0;100;0;5;450;100;
1791534271.112	D7:5B:CA:55:9E:68	JBC_Std	E;806;27;9;0;350;4;20;20;1200;1200;252;0;0;100;0;5;400;100;
1791534271.144	EA:BE:3E:E6:32:90	JBC_NANO	E;845;30;2;0;350;4;48;48;1200;1200;254;0;0;100;0;5;450;100;
1791534271.473	D7:5B:CA:55:9E:68	JBC_Std	E;806;27;9;0;350;4;20;20;1200;1200;252;0;0;100;0;5;400;100;
1791534271.503	EA:BE:3E:E6:32:90	JBC_NANO	E;845;29;2;0;350;4;48;48;1200;1200;254;0;0;100;0;5;450;100;
1791534271.773	D7:5B:CA:55:9E:68	JBC_Std	E;806;27;9;0;350;4;20;20;1200;1200;252;0;0;100;0;5;400;100;
1791534271.864	EA:BE:3E:E6:32:90	JBC_NANO	E;845;29;2;0;350;4;48;48;1200;1200;254;0;0;100;0;5;450;100;
1791534272.133	D7:5B:CA:55:9E:68	JBC_Std	E;806;27;9;0;350;4;20;20;1200;1200;252;0;0;100;0;5;400;100;
1791534272.224	EA:BE:3E:E6:32:90	JBC_NANO	E;845;29;2;0;350;4;48;48;1200;1200;254;0;0;100;0;5;450;100;
1791534272.523	D7:5B:CA:55:9E:68	JBC_Std	E;806;27;9;0;350;4;20;20;1200;1200;252;0;0;100;0;5;400;100;
1791534272.613	EA:BE:3E:E6:32:90	JBC_NANO	E;845;30;2;0;350;4;48;48;1200;1200;254;0;0;100;0;5;450;100;
1791534272.883	D7:5B:CA:55:9E:68	JBC_Std	E;806;28;9;0;350;4;20;20;1200;1200;252;0;0;100;0;5;400;100;
1791534273.033	EA:BE:3E:E6:32:90	JBC_NANO	E;845;30;2;0;350;4;48;48;1200;1200;254;0;0;100;0;5;450;100;
1791534273.242	D7:5B:CA:55:9E:68	JBC_Std	E;806;27;9;0;350;4;20;20;1200;1200;252;0;0;100;0;5;400;100;
1791534273.393	EA:BE:3E:E6:32:90	JBC_NANO	E;845;30;2;0;350;4;48;48;1200;1200;254;0;0;100;0;5;450;100;
1791534273.602	D7:5B:CA:55:9E:68	JBC_Std	E;806;27;9;0;350;4;20;20;1200;1200;252;0;0;100;0;5;400;100;
1791534273.753	EA:BE:3E:E6:32:90	JBC_NANO	E;845;30;2;0;350;4;48;48;1200;1200;254;0;0;100;0;5;450;100;
1791534273.962	D7:5B:CA:55:9E:68	JBC_Std	E;806;27;9;0;350;4;20;20;1200;1200;252;0;0;100;0;5;400;100;
1791534274.113	EA:BE:3E:E6:32:90	JBC_NANO	E;845;30;2;0;350;4;48;48;1200;1200;254;0;0;100;0;5;450;100;
1791534274.323	D7:5B:CA:55:9E:68	JBC_Std	E;806;27;9;0;350;4;20;20;1200;1200;252;0;0;100;0;5;400;100;
1791534274.473	EA:BE:3E:E6:32:90	JBC_NANO	E;845;29;2;0;350;4;48;48;1200;1200;254;0;0;100;0;5;450;100;
1791534274.713	D7:5B:CA:55:9E:68	JBC_Std	E;806;27;9;0;350;4;20;20;1200;1200;252;0;0;100;0;5;400;100;
1791534274.803	EA:BE:3E:E6:32:90	JBC_NANO	E;845;30;2;0;350;4;48;48;1200;1200;254;0;0;100;0;5;450;100;
1791534275.013	D7:5B:CA:55:9E:68	JBC_Std	E;806;27;9;0;350;4;20;20;1200;1200;252;0;0;100;0;5;400;100;
1791534275.163	EA:BE:3E:E6:32:90	JBC_NANO	E;845;30;2;0;350;4;48;48;1200;1200;254;0;0;100;0;5;450;100;
1791534275.373	D7:5B:CA:55:9E:68	JBC_Std	E;806;26;9;0;350;4;20;20;1200;1200;252;0;0;100;0;5;400;100;
1791534275.525	EA:BE:3E:E6:32:90	JBC_NANO	E;845;29;2;0;350;4;48;48;1200;1200;254;0;0;100;0;5;450;100;
1791534275.732	D7:5B:CA:55:9E:68	JBC_Std	E;806;27;9;0;350;4;20;20;1200;1200;252;0;0;100;0;5;400;100;
1791534275.883	EA:BE:3E:E6:32:90	JBC_NANO	E;845;29;2;0;350;4;48;48;1200;1200;254;0;0;100;0;5;450;100;
1791534276.093	D7:5B:CA:55:9E:68	JBC_Std	E;806;27;9;0;350;4;20;20;1200;1200;252;0;0;100;0;5;400;100;
1791534276.244	EA:BE:3E:E6:32:90	JBC_NANO	E;845;29;2;0;350;4;48;48;1200;1200;254;0;0;100;0;5;450;100;
1791534276.453	D7:5B:CA:55:9E:68	JBC_Std	E;806;27;9;0;350;4;20;20;1200;1200;252;0;0;100;0;5;400;100;
1791534276.634	EA:BE:3E:E6:32:90	JBC_NANO	E;845;29;2;0;350;4;48;48;1200;1200;254;0;0;100;0;5;450;100;
1791534276.782	D7:5B:CA:55:9E:68	JBC_Std	E;806;27;9;0;350;4;20;20;1200;1200;252;0;0;100;0;5;400;100;
1791534276.993	EA:BE:3E:E6:32:90	JBC_NANO	E;845;30;2;0;350;4;48;48;1200;1200;254;0;0;100;0;5;450;100;
1791534277.203	D7:5B:CA:55:9E:68	JBC_Std	E;806;27;9;0;350;4;20;20;1200;1200;252;0;0;100;0;5;400;100;
1791534277.353	EA:BE:3E:E6:32:90	JBC_NANO	E;845;30;2;0;350;4;48;48;1200;1200;254;0;0;100;0;5;450;100;
1791534277.503	D7:5B:CA:55:9E:68	JBC_Std	E;806;27;9;0;350;4;20;20;1200;1200;252;0;0;100;0;5;400;100;
1791534277.713	EA:BE:3E:E6:32:90	JBC_NANO	E;845;30;2;0;350;4;48;48;1200;1200;254;0;0;100;0;5;450;100;
1791534277.863	D7:5B:CA:55:9E:68	JBC_Std	E;806;27;9;0;350;4;20;20;1200;1200;252;0;0;100;0;5;400;100;
1791534278.133	EA:BE:3E:E6:32:90	JBC_NANO	E;845;30;2;0;350;4;48;48;1200;1200;254;0;0;100;0;5;450;100;
1791534278.224	D7:5B:CA:55:9E:68	JBC_Std	E;806;27;9;0;350;4;20;20;1200;1200;252;0;0;100;0;5;400;100;
1791534278.493	EA:BE:3E:E6:32:90	JBC_NANO	E;845;30;2;0;350;4;48;48;1200;1200;254;0;0;100;0;5;450;100;
1791534278.613	D7:5B:CA:55:9E:68	JBC_Std	E;806;27;9;0;350;4;20;20;1200;1200;252;0;0;100;0;5;400;100;
1791534278.823	EA:BE:3E:E6:32:90	JBC_NANO	E;845;30;2;0;350;4;48;48;1200;1200;254;0;0;100;0;5;450;100;
1791534278.973	D7:5B:CA:55:9E:68	JBC_Std	E;806;27;9;0;350;4;20;20;1200;1200;252;0;0;100;0;5;400;100;
1791534279.183	EA:BE:3E:E6:32:90	JBC_NANO	E;845;30;2;0;350;4;48;48;1200;1200;254;0;0;100;0;5;450;100;
1791534279.333	D7:5B:CA:55:9E:68	JBC_Std	E;806;26;9;0;350;4;20;20;1200;1200;252;0;0;100;0;5;400;100;
1791534279.543	EA:BE:3E:E6:32:90	JBC_NANO	E;845;30;2;0;350;4;48;48;1200;1200;254;0;0;100;0;5;450;100;
1791534279.692	D7:5B:CA:55:9E:68	JBC_Std	E;806;26;9;0;350;4;20;20;1200;1200;252;0;0;100;0;5;400;100;
1791534279.903	EA:BE:3E:E6:32:90	JBC_NANO	E;845;30;2;0;350;4;48;48;1200;1200;254;0;0;100;0;5;450;100;
1791534280.053	D7:5B:CA:55:9E:68	JBC_Std	E;806;27;9;0;350;4;20;20;1200;1200;252;0;0;100;0;5;400;100;
1791534280.264	EA:BE:3E:E6:32:90	JBC_NANO	E;845;30;2;0;350;4;48;48;1200;1200;254;0;0;100;0;5;450;100;
1791534280.413	D7:5B:CA:55:9E:68	JBC_Std	E;806;27;9;0;350;4;20;20;1200;1200;252;0;0;100;0;5;400;100;
1791534280.652	EA:BE:3E:E6:32:90	JBC_NANO	E;845;29;2;0;350;4;48;48;1200;1200;254;0;0;100;0;5;450;100;
1791534280.742	D7:5B:CA:55:9E:68	JBC_Std	E;806;27;9;0;350;4;20;20;1200;1200;252;0;0;100;0;5;400;100;
1791534281.013	EA:BE:3E:E6:32:90	JBC_NANO	E;845;29;2;0;350;4;48;48;1200;1200;254;0;0;100;0;5;450;100;
1791534281.102	D7:5B:CA:55:9E:68	JBC_Std	E;806;27;9;0;350;4;20;20;1200;1200;252;0;0;100;0;5;400;100;
1791534281.373	EA:BE:3E:E6:32:90	JBC_NANO	E;845;29;2;0;350;4;48;48;1200;1200;254;0;0;100;0;5;450;100;
1791534281.462	D7:5B:CA:55:9E:68	JBC_Std	E;806;26;9;0;350;4;20;20;1200;1200;252;0;0;100;0;5;400;100;
1791534281.733	EA:BE:3E:E6:32:90	JBC_NANO	E;845;29;2;0;350;4;48;48;1200;1200;254;0;0;100;0;5;450;100;
1791534281.823	D7:5B:CA:55:9E:68	JBC_Std	E;806;27;9;0;350;4;20;20;1200;1200;252;0;0;100;0;5;400;100;
1791534282.093	EA:BE:3E:E6:32:90	JBC_NANO	E;845;29;2;0;350;4;48;48;1200;1200;254;0;0;100;0;5;450;100;
1791534282.182	D7:5B:CA:55:9E:68	JBC_Std	E;806;27;9;0;350;4;20;20;1200;1200;252;0;0;100;0;5;400;100;
1791534282.453	EA:BE:3E:E6:32:90	JBC_NANO	E;845;29;2;0;350;4;48;48;1200;1200;254;0;0;100;0;5;450;100;
1791534282.572	D7:5B:CA:55:9E:68	JBC_Std	E;806;27;9;0;350;4;20;20;1200;1200;252;0;0;100;0;5;400;100;
1791534282.783	EA:BE:3E:E6:32:90	JBC_NANO	E;845;29;2;0;350;4;48;48;1200;1200;254;0;0;100;0;5;450;100;
1791534282.932	D7:5B:CA:55:9E:68	JBC_Std	E;806;28;9;0;350;4;20;20;1200;1200;252;0;0;100;0;5;400;100;
1791534283.143	EA:BE:3E:E6:32:90	JBC_NANO	E;845;29;2;0;350;4;48;48;1200;1200;254;0;0;100;0;5;450;100;
1791534283.293	D7:5B:CA:55:9E:68	JBC_Std	E;806;27;9;0;350;4;20;20;1200;1200;252;0;0;100;0;5;400;100;
1791534283.503	EA:BE:3E:E6:32:90	JBC_NANO	E;845;30;2;0;350;4;48;48;1200;1200;254;0;0;100;0;5;450;100;
1791534283.652	D7:5B:CA:55:9E:68	JBC_Std	E;806;27;9;0;350;4;20;20;1200;1200;252;0;0;100;0;5;400;100;
1791534283.863	EA:BE:3E:E6:32:90	JBC_NANO	E;845;30;2;0;350;4;48;48;1200;1200;254;0;0;100;0;5;450;100;
1791534284.013	D7:5B:CA:55:9E:68	JBC_Std	E;806;27;9;0;350;4;20;20;1200;1200;252;0;0;100;0;5;400;100;
1791534284.223	EA:BE:3E:E6:32:90	JBC_NANO	E;845;30;2;0;350;4;48;48;1200;1200;254;0;0;100;0;5;450;100;
1791534284.373	D7:5B:CA:55:9E:68	JBC_Std	E;806;26;9;0;350;4;20;20;1200;1200;252;0;0;100;0;5;400;100;
1791534284.613	EA:BE:3E:E6:32:90	JBC_NANO	E;845;29;2;0;350;4;48;48;1200;1200;254;0;0;100;0;5;450;100;
1791534284.702	D7:5B:CA:55:9E:68	JBC_Std	E;806;27;9;0;350;4;20;20;1200;1200;252;0;0;100;0;5;400;100;
1791534284.973	EA:BE:3E:E6:32:90	JBC_NANO	E;845;29;2;0;350;4;48;48;1200;1200;254;0;0;100;0;5;450;100;
1791534285.062	D7:5B:CA:55:9E:68	JBC_Std	E;806;27;9;0;350;4;20;20;1200;1200;252;0;0;100;0;5;400;100;
1791534285.363	EA:BE:3E:E6:32:90	JBC_NANO	E;845;29;2;0;350;4;48;48;1200;1200;254;0;0;100;0;5;450;100;
1791534285.452	D7:5B:CA:55:9E:68	JBC_Std	E;806;27;9;0;350;4;20;20;1200;1200;252;0;0;100;0;5;400;100;
1791534285.723	EA:BE:3E:E6:32:90	JBC_NANO	E;845;29;2;0;350;4;48;48;1200;1200;254;0;0;100;0;5;450;100;
1791534285.752	D7:5B:CA:55:9E:68	JBC_Std	E;806;27;9;0;350;4;20;20;1200;1200;252;0;0;100;0;5;400;100;
1791534286.084	EA:BE:3E:E6:32:90	JBC_NANO	E;845;30;2;0;350;4;48;48;1200;1200;254;0;0;100;0;5;450;100;
1791534286.113	D7:5B:CA:55:9E:68	JBC_Std	E;806;27;9;0;350;4;20;20;1200;1200;252;0;0;100;0;5;400;100;
1791534286.443	EA:BE:3E:E6:32:90	JBC_NANO	E;845;31;2;0;350;4;48;48;1200;1200;254;0;0;100;0;5;450;100;
1791534286.472	D7:5B:CA:55:9E:68	JBC_Std	E;806;27;9;0;350;4;20;20;1200;1200;252;0;0;100;0;5;400;100;
1791534286.803	EA:BE:3E:E6:32:90	JBC_NANO	E;845;31;2;0;350;4;48;48;1200;1200;254;0;0;100;0;5;450;100;
1791534286.922	D7:5B:CA:55:9E:68	JBC_Std	E;806;28;9;0;350;4;20;20;1200;1200;252;0;0;100;0;5;400;100;
1791534287.193	EA:BE:3E:E6:32:90	JBC_NANO	E;845;31;2;0;350;4;48;48;1200;1200;254;0;0;100;0;5;450;100;
1791534287.222	D7:5B:CA:55:9E:68	JBC_Std	E;806;27;9;0;350;4;20;20;1200;1200;252;0;0;100;0;5;400;100;
1791534287.523	EA:BE:3E:E6:32:90	JBC_NANO	E;845;31;2;0;350;4;48;48;1200;1200;254;0;0;100;0;5;450;100;
1791534287.553	D7:5B:CA:55:9E:68	JBC_Std	E;806;28;9;0;350;4;20;20;1200;1200;252;0;0;100;0;5;400;100;
1791534287.883	EA:BE:3E:E6:32:90	JBC_NANO	E;845;30;2;0;350;4;48;48;1200;1200;254;0;0;100;0;5;450;100;
1791534287.912	D7:5B:CA:55:9E:68	JBC_Std	E;806;28;9;0;350;4;20;20;1200;1200;252;0;0;100;0;5;400;100;
1791534288.213	EA:BE:3E:E6:32:90	JBC_NANO	E;845;30;2;0;350;4;48;48;1200;1200;254;0;0;100;0;5;450;100;
1791534288.242	D7:5B:CA:55:9E:68	JBC_Std	E;806;27;9;0;350;4;20;20;1200;1200;252;0;0;100;0;5;400;100;
1791534288.573	EA:BE:3E:E6:32:90	JBC_NANO	E;845;29;2;0;350;4;48;48;1200;1200;254;0;0;100;0;5;450;100;
1791534288.602	D7:5B:CA:55:9E:68	JBC_Std	E;806;27;9;0;350;4;20;20;1200;1200;252;0;0;100;0;5;400;100;
1791534288.903	EA:BE:3E:E6:32:90	JBC_NANO	E;845;29;2;0;350;4;48;48;1200;1200;254;0;0;100;0;5;450;100;
1791534289.053	D7:5B:CA:55:9E:68	JBC_Std	E;806;27;9;0;350;4;20;20;1200;1200;252;0;0;100;0;5;400;100;
1791534289.263	EA:BE:3E:E6:32:90	JBC_NANO	E;845;30;2;0;350;4;48;48;1200;1200;254;0;0;100;0;5;450;100;
1791534289.412	D7:5B:CA:55:9E:68	JBC_Std	E;806;26;9;0;350;4;20;20;1200;1200;252;0;0;100;0;5;400;100;
1791534289.622	EA:BE:3E:E6:32:90	JBC_NANO	E;845;30;2;0;350;4;48;48;1200;1200;254;0;0;100;0;5;450;100;
1791534289.772	D7:5B:CA:55:9E:68	JBC_Std	E;806;27;9;0;350;4;20;20;1200;1200;252;0;0;100;0;5;400;100;
1791534289.983	EA:BE:3E:E6:32:90	JBC_NANO	E;845;31;2;0;350;4;48;48;1200;1200;254;0;0;100;0;5;450;100;
1791534290.132	D7:5B:CA:55:9E:68	JBC_Std	E;806;27;9;0;350;4;20;20;1200;1200;252;0;0;100;0;5;400;100;
1791534290.343	EA:BE:3E:E6:32:90	JBC_NANO	E;845;30;2;0;350;4;48;48;1200;1200;254;0;0;100;0;5;450;100;
1791534290.492	D7:5B:CA:55:9E:68	JBC_Std	E;806;28;9;0;350;4;20;20;1200;1200;252;0;0;100;0;5;400;100;
1791534290.703	EA:BE:3E:E6:32:90	JBC_NANO	E;845;30;2;0;350;4;48;48;1200;1200;254;0;0;100;0;5;450;100;
1791534290.853	D7:5B:CA:55:9E:68	JBC_Std	E;806;29;9;0;350;4;20;20;1200;1200;252;0;0;100;0;5;400;100;
1791534291.063	EA:BE:3E:E6:32:90	JBC_NANO	E;845;30;2;0;350;4;48;48;1200;1200;254;0;0;100;0;5;450;100;
1791534291.272	D7:5B:CA:55:9E:68	JBC_Std	E;806;28;9;0;350;4;20;20;1200;1200;252;0;0;100;0;5;400;100;
1791534291.364	EA:BE:3E:E6:32:90	JBC_NANO	E;845;30;2;0;350;4;48;48;1200;1200;254;0;0;100;0;5;450;100;
1791534291.602	D7:5B:CA:55:9E:68	JBC_Std	E;806;28;9;0;350;4;20;20;1200;1200;252;0;0;100;0;5;400;100;
1791534291.813	EA:BE:3E:E6:32:90	JBC_NANO	E;845;30;2;0;350;4;48;48;1200;1200;254;0;0;100;0;5;450;100;
1791534292.022	D7:5B:CA:55:9E:68	JBC_Std	E;806;27;9;0;350;4;20;20;1200;1200;252;0;0;100;0;5;400;100;
1791534292.173	EA:BE:3E:E6:32:90	JBC_NANO	E;845;31;2;0;350;4;48;48;1200;1200;254;0;0;100;0;5;450;100;
1791534292.322	D7:5B:CA:55:9E:68	JBC_Std	E;806;27;9;0;350;4;20;20;1200;1200;252;0;0;100;0;5;400;100;
1791534292.533	EA:BE:3E:E6:32:90	JBC_NANO	E;845;32;0;2;350;4;48;48;1200;1200;254;0;0;100;0;5;450;100;
1791534292.683	D7:5B:CA:55:9E:68	JBC_Std	E;806;27;9;0;350;4;20;20;1200;1200;252;0;0;100;0;5;400;100;
1791534292.923	EA:BE:3E:E6:32:90	JBC_NANO	E;845;37;0;13;350;4;48;47;1200;1199;254;0;0;100;0;5;450;100;
1791534293.072	D7:5B:CA:55:9E:68	JBC_Std	E;806;27;9;0;350;4;20;20;1200;1200;252;0;0;100;0;5;400;100;
1791534293.283	EA:BE:3E:E6:32:90	JBC_NANO	E;845;47;0;28;350;4;48;48;1200;1200;254;0;0;100;0;5;450;100;
1791534293.463	D7:5B:CA:55:9E:68	JBC_Std	E;806;27;9;0;350;4;20;20;1200;1200;252;0;0;100;0;5;400;100;
1791534293.612	EA:BE:3E:E6:32:90	JBC_NANO	E;845;62;0;44;350;4;48;48;1200;1200;254;0;0;100;0;5;450;100;
1791534293.822	D7:5B:CA:55:9E:68	JBC_Std	E;806;26;9;0;350;4;20;20;1200;1200;252;0;0;100;0;5;400;100;
1791534293.973	EA:BE:3E:E6:32:90	JBC_NANO	E;844;82;0;61;350;4;48;47;1200;1199;254;0;0;100;0;5;450;100;
1791534294.152	D7:5B:CA:55:9E:68	JBC_Std	E;806;26;9;0;350;4;20;20;1200;1200;252;0;0;100;0;5;400;100;
1791534294.304	EA:BE:3E:E6:32:90	JBC_NANO	E;844;102;0;78;350;4;48;48;1200;1200;254;0;0;100;0;5;450;100;
1791534294.512	D7:5B:CA:55:9E:68	JBC_Std	E;806;26;9;0;350;4;20;20;1200;1200;252;0;0;100;0;5;400;100;
1791534294.662	EA:BE:3E:E6:32:90	JBC_NANO	E;844;123;0;90;350;4;48;48;1200;1200;254;0;0;100;0;5;450;100;
1791534294.872	D7:5B:CA:55:9E:68	JBC_Std	E;806;27;9;0;350;4;20;20;1200;1200;252;0;0;100;0;5;400;100;
1791534295.023	EA:BE:3E:E6:32:90	JBC_NANO	E;844;144;0;96;350;4;48;48;1200;1200;254;0;0;100;0;5;450;100;
1791534295.294	D7:5B:CA:55:9E:68	JBC_Std	E;806;27;9;0;350;4;20;20;1200;1200;252;0;0;100;0;5;400;100;
1791534295.383	EA:BE:3E:E6:32:90	JBC_NANO	E;843;164;0;99;350;4;48;47;1200;1199;254;0;0;100;0;5;450;100;
1791534295.593	D7:5B:CA:55:9E:68	JBC_Std	E;806;27;9;0;350;4;20;20;1200;1200;252;0;0;100;0;5;400;100;
1791534295.743	EA:BE:3E:E6:32:90	JBC_NANO	E;843;185;0;100;350;4;48;48;1200;1200;254;0;0;100;0;5;450;100;
1791534295.953	D7:5B:CA:55:9E:68	JBC_Std	E;806;27;9;0;350;4;20;20;1200;1200;252;0;0;100;0;5;400;100;
1791534296.133	EA:BE:3E:E6:32:90	JBC_NANO	E;843;206;0;100;350;4;48;48;1200;1200;254;0;0;100;0;5;450;100;
1791534296.282	D7:5B:CA:55:9E:68	JBC_Std	E;806;27;9;0;350;4;20;20;1200;1200;252;0;0;100;0;5;400;100;
1791534296.433	EA:BE:3E:E6:32:90	JBC_NANO	E;843;225;0;100;350;4;48;48;1200;1200;254;0;0;100;0;5;450;100;
1791534296.642	D7:5B:CA:55:9E:68	JBC_Std	E;806;27;9;0;350;4;20;20;1200;1200;252;0;0;100;0;5;400;100;
1791534296.793	EA:BE:3E:E6:32:90	JBC_NANO	E;843;246;0;100;350;4;48;48;1200;1200;254;0;0;100;0;5;450;100;
1791534297.002	D7:5B:CA:55:9E:68	JBC_Std	E;806;27;9;0;350;4;20;20;1200;1200;252;0;0;100;0;5;400;100;
1791534297.213	EA:BE:3E:E6:32:90	JBC_NANO	E;842;265;0;100;350;4;48;47;1200;1199;254;0;0;100;0;5;450;100;
1791534297.362	D7:5B:CA:55:9E:68	JBC_Std	E;806;27;9;0;350;4;20;20;1200;1200;252;0;0;100;0;5;400;100;
1791534297.513	EA:BE:3E:E6:32:90	JBC_NANO	E;842;283;0;100;350;4;48;48;1200;1200;254;0;0;100;0;5;450;100;
1791534297.723	D7:5B:CA:55:9E:68	JBC_Std	E;806;27;9;0;350;4;20;20;1200;1200;252;0;0;100;0;5;400;100;
1791534297.873	EA:BE:3E:E6:32:90	JBC_NANO	E;842;301;0;100;350;4;48;47;1200;1199;254;0;0;100;0;5;450;100;
1791534298.112	D7:5B:CA:55:9E:68	JBC_Std	E;806;27;9;0;350;4;20;20;1200;1200;252;0;0;100;0;5;400;100;
1791534298.263	EA:BE:3E:E6:32:90	JBC_NANO	E;842;319;0;93;350;4;48;48;1200;1200;254;0;0;100;0;5;450;100;
1791534298.472	D7:5B:CA:55:9E:68	JBC_Std	E;806;28;9;0;350;4;20;20;1200;1200;252;0;0;100;0;5;400;100;
1791534298.623	EA:BE:3E:E6:32:90	JBC_NANO	E;841;332;0;66;350;4;48;46;1200;1198;254;0;0;100;0;5;450;100;
1791534298.893	D7:5B:CA:55:9E:68	JBC_Std	E;806;28;9;0;350;4;20;20;1200;1200;252;0;0;100;0;5;400;100;
1791534298.983	EA:BE:3E:E6:32:90	JBC_NANO	E;841;342;0;50;350;4;48;48;1200;1200;254;0;0;100;0;5;450;100;
1791534299.192	D7:5B:CA:55:9E:68	JBC_Std	E;806;27;9;0;350;4;20;20;1200;1200;252;0;0;100;0;5;400;100;
1791534299.343	EA:BE:3E:E6:32:90	JBC_NANO	E;841;347;0;39;350;4;48;48;1200;1200;254;0;0;100;0;5;450;100;
1791534299.552	D7:5B:CA:55:9E:68	JBC_Std	E;806;27;9;0;350;4;20;20;1200;1200;252;0;0;100;0;5;400;100;
1791534299.704	EA:BE:3E:E6:32:90	JBC_NANO	E;841;348;0;34;350;4;48;48;1200;1200;254;0;0;100;0;5;450;100;
1791534299.912	D7:5B:CA:55:9E:68	JBC_Std	E;806;27;9;0;350;4;20;20;1200;1200;252;0;0;100;0;5;400;100;
1791534300.063	EA:BE:3E:E6:32:90	JBC_NANO	E;840;348;0;16;350;4;48;47;1200;1199;254;0;0;100;0;5;450;100;
1791534300.242	D7:5B:CA:55:9E:68	JBC_Std	E;806;27;9;0;350;4;20;20;1200;1200;252;0;0;100;0;5;400;100;
1791534300.392	EA:BE:3E:E6:32:90	JBC_NANO	E;840;348;0;7;350;4;48;47;1200;1199;254;0;0;100;0;5;450;100;
1791534300.602	D7:5B:CA:55:9E:68	JBC_Std	E;806;27;9;0;350;4;20;20;1200;1200;252;0;0;100;0;5;400;100;
1791534300.753	EA:BE:3E:E6:32:90	JBC_NANO	E;840;649;0;3;350;4;48;48;1200;1200;254;0;0;100;0;5;450;100;
1791534300.963	D7:5B:CA:55:9E:68	JBC_Std	E;806;27;9;0;350;4;20;20;1200;1200;252;0;0;100;0;5;400;100;
1791534301.113	EA:BE:3E:E6:32:90	JBC_NANO	E;840;20;1;1;350;4;48;47;1200;1199;254;0;0;100;0;5;450;100;
1791534301.322	D7:5B:CA:55:9E:68	JBC_Std	E;806;26;9;0;350;4;20;20;1200;1200;252;0;0;100;0;5;400;100;
1791534301.473	EA:BE:3E:E6:32:90	JBC_NANO	E;839;20;1;0;350;4;48;47;1200;1199;255;0;0;100;0;5;450;100;
1791534301.683	D7:5B:CA:55:9E:68	JBC_Std	E;806;26;9;0;350;4;20;20;1200;1200;252;0;0;100;0;5;400;100;
1791534301.832	EA:BE:3E:E6:32:90	JBC_NANO	E;839;20;1;0;350;4;48;48;1200;1200;255;0;0;100;0;5;450;100;
1791534302.042	D7:5B:CA:55:9E:68	JBC_Std	E;806;26;9;0;350;4;20;20;1200;1200;252;0;0;100;0;5;400;100;
1791534302.223	EA:BE:3E:E6:32:90	JBC_NANO	E;839;1551;0;6;350;4;48;48;1200;1200;255;0;0;100;0;5;450;100;
1791534302.372	D7:5B:CA:55:9E:68	JBC_Std	E;806;26;9;0;350;4;20;20;1200;1200;252;0;0;100;0;5;400;100;
1791534302.583	EA:BE:3E:E6:32:90	JBC_NANO	E;839;1551;0;19;350;4;48;48;1200;1200;255;0;0;100;0;5;450;100;
1791534302.732	D7:5B:CA:55:9E:68	JBC_Std	E;806;26;9;0;350;4;20;20;1200;1200;252;0;0;100;0;5;400;100;
1791534302.943	EA:BE:3E:E6:32:90	JBC_NANO	E;838;1194;0;35;350;4;48;48;1200;1200;255;0;0;100;0;5;450;100;
1791534303.092	D7:5B:CA:55:9E:68	JBC_Std	E;806;26;9;0;350;4;20;20;1200;1200;252;0;0;100;0;5;400;100;
1791534303.304	EA:BE:3E:E6:32:90	JBC_NANO	E;838;835;0;52;350;4;48;48;1200;1200;255;0;0;100;0;5;450;100;
1791534303.452	D7:5B:CA:55:9E:68	JBC_Std	E;806;26;9;0;350;4;20;20;1200;1200;252;0;0;100;0;5;400;100;
1791534303.663	EA:BE:3E:E6:32:90	JBC_NANO	E;838;476;0;70;350;4;48;48;1200;1200;255;0;0;100;0;5;450;100;
1791534303.812	D7:5B:CA:55:9E:68	JBC_Std	E;806;26;9;0;350;4;20;20;1200;1200;252;0;0;100;0;5;400;100;
1791534304.023	EA:BE:3E:E6:32:90	JBC_NANO	E;838;146;0;86;350;4;48;48;1200;1200;255;0;0;100;0;5;450;100;
1791534304.202	D7:5B:CA:55:9E:68	JBC_Std	E;806;26;9;0;350;4;20;20;1200;1200;252;0;0;100;0;5;400;100;
1791534304.352	EA:BE:3E:E6:32:90	JBC_NANO	E;837;183;0;94;350;4;48;48;1200;1200;255;0;0;100;0;5;450;100;
1791534304.562	D7:5B:CA:55:9E:68	JBC_Std	E;806;26;9;0;350;4;20;20;1200;1200;252;0;0;100;0;5;400;100;
1791534304.712	EA:BE:3E:E6:32:90	JBC_NANO	E;837;230;0;98;350;4;48;48;1200;1200;255;0;0;100;0;5;450;100;
1791534304.922	D7:5B:CA:55:9E:68	JBC_Std	E;806;27;9;0;350;4;20;20;1200;1200;252;0;0;100;0;5;400;100;
1791534305.073	EA:BE:3E:E6:32:90	JBC_NANO	E;837;285;0;100;350;4;48;48;1200;1200;255;0;0;100;0;5;450;100;
1791534305.282	D7:5B:CA:55:9E:68	JBC_Std	E;806;27;9;0;350;4;20;20;1200;1200;252;0;0;100;0;5;400;100;
1791534305.433	EA:BE:3E:E6:32:90	JBC_NANO	E;837;311;0;87;350;4;48;48;1200;1200;255;0;0;100;0;5;450;100;
1791534305.642	D7:5B:CA:55:9E:68	JBC_Std	E;806;27;9;0;350;4;20;20;1200;1200;252;0;0;100;0;5;400;100;
1791534305.793	EA:BE:3E:E6:32:90	JBC_NANO	E;837;324;0;81;350;4;48;48;1200;1200;255;0;0;100;0;5;450;100;
1791534306.002	D7:5B:CA:55:9E:68	JBC_Std	E;806;27;9;0;350;4;20;20;1200;1200;252;0;0;100;0;5;400;100;
1791534306.182	EA:BE:3E:E6:32:90	JBC_NANO	E;836;335;0;73;350;4;48;48;1200;1200;255;0;0;100;0;5;450;100;
1791534306.332	D7:5B:CA:55:9E:68	JBC_Std	E;806;27;9;0;350;4;20;20;1200;1200;252;0;0;100;0;5;400;100;
1791534306.482	EA:BE:3E:E6:32:90	JBC_NANO	E;836;339;0;36;350;4;48;48;1200;1200;255;0;0;100;0;5;450;100;
1791534306.692	D7:5B:CA:55:9E:68	JBC_Std	E;806;27;9;0;350;4;20;20;1200;1200;252;0;0;100;0;5;400;100;
1791534306.843	EA:BE:3E:E6:32:90	JBC_NANO	E;836;342;0;37;350;4;48;47;1200;1199;255;0;0;100;0;5;450;100;
1791534307.052	D7:5B:CA:55:9E:68	JBC_Std	E;806;27;9;0;350;4;20;20;1200;1200;252;0;0;100;0;5;400;100;
1791534307.202	EA:BE:3E:E6:32:90	JBC_NANO	E;836;350;0;29;350;4;48;48;1200;1200;255;0;0;100;0;5;450;100;
1791534307.413	D7:5B:CA:55:9E:68	JBC_Std	E;806;27;9;0;350;4;20;20;1200;1200;252;0;0;100;0;5;400;100;
1791534307.562	EA:BE:3E:E6:32:90	JBC_NANO	E;835;350;0;25;350;4;48;48;1200;1200;255;0;0;100;0;5;450;100;
1791534307.771	D7:5B:CA:55:9E:68	JBC_Std	E;806;27;9;0;350;4;20;20;1200;1200;252;0;0;100;0;5;400;100;
1791534307.922	EA:BE:3E:E6:32:90	JBC_NANO	E;835;349;0;24;350;4;48;48;1200;1200;255;0;0;100;0;5;450;100;
1791534308.162	D7:5B:CA:55:9E:68	JBC_Std	E;806;27;9;0;350;4;20;20;1200;1200;252;0;0;100;0;5;400;100;
1791534308.313	EA:BE:3E:E6:32:90	JBC_NANO	E;835;349;0;23;350;4;48;48;1200;1200;255;0;0;100;0;5;450;100;
1791534308.522	D7:5B:CA:55:9E:68	JBC_Std	E;806;26;9;0;350;4;20;20;1200;1200;252;0;0;100;0;5;400;100;
1791534308.673	EA:BE:3E:E6:32:90	JBC_NANO	E;835;349;0;23;350;4;48;48;1200;1200;255;0;0;100;0;5;450;100;
1791534308.882	D7:5B:CA:55:9E:68	JBC_Std	E;806;26;9;0;350;4;20;20;1200;1200;252;0;0;100;0;5;400;100;
1791534309.032	EA:BE:3E:E6:32:90	JBC_NANO	E;834;349;0;21;350;4;48;47;1200;1199;255;0;0;100;0;5;450;100;
1791534309.302	D7:5B:CA:55:9E:68	JBC_Std	E;806;27;9;0;350;4;20;20;1200;1200;252;0;0;100;0;5;400;100;
1791534309.393	EA:BE:3E:E6:32:90	JBC_NANO	E;834;350;0;21;350;4;48;45;1200;1197;255;0;0;100;0;5;450;100;
1791534309.662	D7:5B:CA:55:9E:68	JBC_Std	E;806;27;9;0;350;4;20;20;1200;1200;252;0;0;100;0;5;400;100;
1791534309.752	EA:BE:3E:E6:32:90	JBC_NANO	E;834;349;0;23;350;4;48;44;1200;1196;255;0;0;100;0;5;450;100;
1791534310.022	D7:5B:CA:55:9E:68	JBC_Std	E;806;27;9;0;350;4;20;20;1200;1200;252;0;0;100;0;5;400;100;
1791534310.112	EA:BE:3E:E6:32:90	JBC_NANO	E;834;349;0;22;350;4;48;42;1200;1194;255;0;0;100;0;5;450;100;
1791534310.352	D7:5B:CA:55:9E:68	JBC_Std	E;806;27;9;0;350;4;20;20;1200;1200;252;0;0;100;0;5;400;100;
1791534310.502	EA:BE:3E:E6:32:90	JBC_NANO	E;833;348;0;23;350;4;48;47;1200;1199;255;0;0;100;0;5;450;100;
1791534310.712	D7:5B:CA:55:9E:68	JBC_Std	E;806;27;9;0;350;4;20;20;1200;1200;252;0;0;100;0;5;400;100;
1791534310.862	EA:BE:3E:E6:32:90	JBC_NANO	E;833;347;0;19;350;4;48;45;1200;1197;255;0;0;100;0;5;450;100;
1791534311.071	D7:5B:CA:55:9E:68	JBC_Std	E;806;27;9;0;350;4;20;20;1200;1200;252;0;0;100;0;5;400;100;
1791534311.222	EA:BE:3E:E6:32:90	JBC_NANO	E;833;347;0;22;350;4;48;47;1200;1199;255;0;0;100;0;5;450;100;
1791534311.432	D7:5B:CA:55:9E:68	JBC_Std	E;806;27;9;0;350;4;20;20;1200;1200;252;0;0;100;0;5;400;100;
1791534311.582	EA:BE:3E:E6:32:90	JBC_NANO	E;833;347;0;21;350;4;48;45;1200;1197;255;0;0;100;0;5;450;100;
1791534311.791	D7:5B:CA:55:9E:68	JBC_Std	E;806;27;9;0;350;4;20;20;1200;1200;252;0;0;100;0;5;400;100;
1791534311.942	EA:BE:3E:E6:32:90	JBC_NANO	E;832;348;0;23;350;4;48;44;1200;1196;255;0;0;100;0;5;450;100;
1791534312.182	D7:5B:CA:55:9E:68	JBC_Std	E;806;27;9;0;350;4;20;20;1200;1200;252;0;0;100;0;5;400;100;
1791534312.333	EA:BE:3E:E6:32:90	JBC_NANO	E;832;348;0;20;350;4;48;42;1200;1194;255;0;0;100;0;5;450;100;
1791534312.542	D7:5B:CA:55:9E:68	JBC_Std	E;806;27;9;0;350;4;20;20;1200;1200;252;0;0;100;0;5;400;100;
1791534312.692	EA:BE:3E:E6:32:90	JBC_NANO	E;832;349;0;20;350;4;48;47;1200;1199;255;0;0;100;0;5;450;100;
1791534312.902	D7:5B:CA:55:9E:68	JBC_Std	E;806;27;9;0;350;4;20;20;1200;1200;252;0;0;100;0;5;400;100;
1791534313.052	EA:BE:3E:E6:32:90	JBC_NANO	E;832;350;0;19;350;4;48;46;1200;1198;255;0;0;100;0;5;450;100;
1791534313.262	D7:5B:CA:55:9E:68	JBC_Std	E;806;27;9;0;350;4;20;20;1200;1200;252;0;0;100;0;5;400;100;
1791534313.413	EA:BE:3E:E6:32:90	JBC_NANO	E;831;350;0;22;350;4;48;48;1200;1200;255;0;0;100;0;5;450;100;
1791534313.621	D7:5B:CA:55:9E:68	JBC_Std	E;806;27;9;0;350;4;20;20;1200;1200;252;0;0;100;0;5;400;100;
1791534313.772	EA:BE:3E:E6:32:90	JBC_NANO	E;831;349;0;19;350;4;48;47;1200;1199;255;0;0;100;0;5;450;100;
1791534313.982	D7:5B:CA:55:9E:68	JBC_Std	E;806;27;9;0;350;4;20;20;1200;1200;252;0;0;100;0;5;400;100;
1791534314.133	EA:BE:3E:E6:32:90	JBC_NANO	E;831;349;0;21;350;4;48;45;1200;1197;255;0;0;100;0;5;450;100;
1791534314.312	D7:5B:CA:55:9E:68	JBC_Std	E;806;27;9;0;350;4;20;20;1200;1200;252;0;0;100;0;5;400;100;
1791534314.522	EA:BE:3E:E6:32:90	JBC_NANO	E;831;349;0;21;350;4;48;47;1200;1199;255;0;0;100;0;5;450;100;
1791534314.672	D7:5B:CA:55:9E:68	JBC_Std	E;806;27;9;0;350;4;20;20;1200;1200;252;0;0;100;0;5;400;100;
1791534314.883	EA:BE:3E:E6:32:90	JBC_NANO	E;830;349;0;24;350;4;48;45;1200;1197;255;0;0;100;0;5;450;100;
1791534315.032	D7:5B:CA:55:9E:68	JBC_Std	E;806;26;9;0;350;4;20;20;1200;1200;252;0;0;100;0;5;400;100;
1791534315.243	EA:BE:3E:E6:32:90	JBC_NANO	E;830;349;0;21;350;4;48;44;1200;1196;255;0;0;100;0;5;450;100;
1791534315.392	D7:5B:CA:55:9E:68	JBC_Std	E;806;26;9;0;350;4;20;20;1200;1200;252;0;0;100;0;5;400;100;
1791534315.602	EA:BE:3E:E6:32:90	JBC_NANO	E;830;350;0;23;350;4;48;42;1200;1194;255;0;0;100;0;5;450;100;
1791534315.752	D7:5B:CA:55:9E:68	JBC_Std	E;806;26;9;0;350;4;20;20;1200;1200;252;0;0;100;0;5;400;100;
1791534315.962	EA:BE:3E:E6:32:90	JBC_NANO	E;830;350;0;20;350;4;48;41;1200;1193;255;0;0;100;0;5;450;100;
1791534316.112	D7:5B:CA:55:9E:68	JBC_Std	E;806;26;9;0;350;4;20;20;1200;1200;252;0;0;100;0;5;400;100;
1791534316.412	EA:BE:3E:E6:32:90	JBC_NANO	E;829;350;0;22;350;4;48;39;1200;1191;255;0;0;100;0;5;450;100;
1791534316.441	D7:5B:CA:55:9E:68	JBC_Std	E;806;27;9;0;350;4;20;20;1200;1200;252;0;0;100;0;5;400;100;
1791534316.713	EA:BE:3E:E6:32:90	JBC_NANO	E;829;350;0;23;350;4;48;38;1200;1190;255;0;0;100;0;5;450;100;
1791534316.801	D7:5B:CA:55:9E:68	JBC_Std	E;806;27;9;0;350;4;20;20;1200;1200;252;0;0;100;0;5;400;100;
1791534317.072	EA:BE:3E:E6:32:90	JBC_NANO	E;829;350;0;18;350;4;48;36;1200;1188;255;0;0;100;0;5;450;100;
1791534317.162	D7:5B:CA:55:9E:68	JBC_Std	E;806;27;9;0;350;4;20;20;1200;1200;252;0;0;100;0;5;400;100;
1791534317.433	EA:BE:3E:E6:32:90	JBC_NANO	E;829;350;0;22;350;4;48;48;1200;1200;255;0;0;100;0;5;450;100;
1791534317.581	D7:5B:CA:55:9E:68	JBC_Std	E;806;28;9;0;350;4;20;20;1200;1200;252;0;0;100;0;5;400;100;
1791534317.793	EA:BE:3E:E6:32:90	JBC_NANO	E;829;350;0;21;350;4;48;48;1200;1200;255;0;0;100;0;5;450;100;
1791534317.942	D7:5B:CA:55:9E:68	JBC_Std	E;806;27;9;0;350;4;20;20;1200;1200;252;0;0;100;0;5;400;100;
1791534318.152	EA:BE:3E:E6:32:90	JBC_NANO	E;828;350;0;23;350;4;48;48;1200;1200;255;0;0;100;0;5;450;100;
1791534318.332	D7:5B:CA:55:9E:68	JBC_Std	E;806;27;9;0;350;4;20;20;1200;1200;252;0;0;100;0;5;400;100;
1791534318.483	EA:BE:3E:E6:32:90	JBC_NANO	E;828;350;0;22;350;4;48;48;1200;1200;255;0;0;100;0;5;450;100;
1791534318.692	D7:5B:CA:55:9E:68	JBC_Std	E;806;27;9;0;350;4;20;20;1200;1200;252;0;0;100;0;5;400;100;
1791534318.842	EA:BE:3E:E6:32:90	JBC_NANO	E;828;350;0;18;350;4;48;48;1200;1200;255;0;0;100;0;5;450;100;
1791534319.082	D7:5B:CA:55:9E:68	JBC_Std	E;806;27;9;0;350;4;20;20;1200;1200;252;0;0;100;0;5;400;100;
1791534319.173	EA:BE:3E:E6:32:90	JBC_NANO	E;828;350;0;19;350;4;48;48;1200;1200;255;0;0;100;0;5;450;100;
1791534319.442	D7:5B:CA:55:9E:68	JBC_Std	E;806;27;9;0;350;4;20;20;1200;1200;252;0;0;100;0;5;400;100;
1791534319.532	EA:BE:3E:E6:32:90	JBC_NANO	E;827;351;2;21;350;4;48;48;1200;1200;255;0;0;100;0;5;450;100;
1791534319.802	D7:5B:CA:55:9E:68	JBC_Std	E;806;28;9;0;350;4;20;20;1200;1200;252;0;0;100;0;5;400;100;
1791534319.893	EA:BE:3E:E6:32:90	JBC_NANO	E;827;349;0;10;350;4;48;48;1200;1200;255;0;0;100;0;5;450;100;
1791534320.162	D7:5B:CA:55:9E:68	JBC_Std	E;806;28;9;0;350;4;20;20;1200;1200;252;0;0;100;0;5;400;100;
1791534320.313	EA:BE:3E:E6:32:90	JBC_NANO	E;827;345;2;4;350;4;48;48;1200;1200;255;0;0;100;0;5;450;100;
1791534320.522	D7:5B:CA:55:9E:68	JBC_Std	E;806;28;9;0;350;4;20;20;1200;1200;252;0;0;100;0;5;400;100;
1791534320.672	EA:BE:3E:E6:32:90	JBC_NANO	E;827;338;2;1;350;4;48;48;1200;1200;255;0;0;100;0;5;450;100;
1791534320.912	D7:5B:CA:55:9E:68	JBC_Std	E;806;28;9;0;350;4;20;20;1200;1200;252;0;0;100;0;5;400;100;
1791534321.063	EA:BE:3E:E6:32:90	JBC_NANO	E;827;329;2;0;350;4;48;48;1200;1200;255;0;0;100;0;5;450;100;
1791534321.272	D7:5B:CA:55:9E:68	JBC_Std	E;806;28;9;0;350;4;20;20;1200;1200;252;0;0;100;0;5;400;100;
1791534321.422	EA:BE:3E:E6:32:90	JBC_NANO	E;827;321;2;0;350;4;48;48;1200;1200;255;0;0;100;0;5;450;100;
1791534321.631	D7:5B:CA:55:9E:68	JBC_Std	E;806;29;9;0;350;4;20;20;1200;1200;252;0;0;100;0;5;400;100;
1791534321.782	EA:BE:3E:E6:32:90	JBC_NANO	E;827;315;2;0;350;4;48;48;1200;1200;255;0;0;100;0;5;450;100;
1791534321.991	D7:5B:CA:55:9E:68	JBC_Std	E;806;28;9;0;350;4;20;20;1200;1200;252;0;0;100;0;5;400;100;
1791534322.142	EA:BE:3E:E6:32:90	JBC_NANO	E;827;312;2;0;350;4;48;48;1200;1200;255;0;0;100;0;5;450;100;
1791534322.352	D7:5B:CA:55:9E:68	JBC_Std	E;806;28;9;0;350;4;20;20;1200;1200;252;0;0;100;0;5;400;100;
1791534322.502	EA:BE:3E:E6:32:90	JBC_NANO	E;827;296;2;0;350;4;48;48;1200;1200;255;0;0;100;0;5;450;100;
1791534322.711	D7:5B:CA:55:9E:68	JBC_Std	E;806;27;9;0;350;4;20;20;1200;1200;252;0;0;100;0;5;400;100;
1791534322.862	EA:BE:3E:E6:32:90	JBC_NANO	E;827;280;2;0;350;4;48;48;1200;1200;255;0;0;100;0;5;450;100;
1791534323.041	D7:5B:CA:55:9E:68	JBC_Std	E;806;27;9;0;350;4;20;20;1200;1200;252;0;0;100;0;5;400;100;
1791534323.252	EA:BE:3E:E6:32:90	JBC_NANO	E;827;262;2;0;350;4;48;48;1200;1200;255;0;0;100;0;5;450;100;
1791534323.402	D7:5B:CA:55:9E:68	JBC_Std	E;806;27;9;0;350;4;20;20;1200;1200;252;0;0;100;0;5;400;100;
1791534323.612	EA:BE:3E:E6:32:90	JBC_NANO	E;828;243;2;0;350;4;48;48;1200;1200;255;0;0;100;0;5;450;100;
1791534323.762	D7:5B:CA:55:9E:68	JBC_Std	E;806;27;9;0;350;4;20;20;1200;1200;252;0;0;100;0;5;400;100;
1791534323.972	EA:BE:3E:E6:32:90	JBC_NANO	E;828;237;2;0;350;4;48;48;1200;1200;255;0;0;100;0;5;450;100;
1791534324.122	D7:5B:CA:55:9E:68	JBC_Std	E;806;27;9;0;350;4;20;20;1200;1200;252;0;0;100;0;5;400;100;
1791534324.332	EA:BE:3E:E6:32:90	JBC_NANO	E;828;232;2;0;350;4;48;48;1200;1200;255;0;0;100;0;5;450;100;
1791534324.481	D7:5B:CA:55:9E:68	JBC_Std	E;806;27;9;0;350;4;20;20;1200;1200;252;0;0;100;0;5;400;100;
1791534324.692	EA:BE:3E:E6:32:90	JBC_NANO	E;828;226;2;0;350;4;48;48;1200;1200;255;0;0;100;0;5;450;100;
1791534324.841	D7:5B:CA:55:9E:68	JBC_Std	E;806;26;9;0;350;4;20;20;1200;1200;252;0;0;100;0;5;400;100;
1791534325.082	EA:BE:3E:E6:32:90	JBC_NANO	E;828;221;2;0;350;4;48;48;1200;1200;255;0;0;100;0;5;450;100;
1791534325.231	D7:5B:CA:55:9E:68	JBC_Std	E;806;26;9;0;350;4;20;20;1200;1200;252;0;0;100;0;5;400;100;
1791534325.502	EA:BE:3E:E6:32:90	JBC_NANO	E;828;216;2;0;350;4;48;48;1200;1200;256;0;0;100;0;5;450;100;
1791534325.532	D7:5B:CA:55:9E:68	JBC_Std	E;806;26;9;0;350;4;20;20;1200;1200;252;0;0;100;0;5;400;100;
1791534325.803	EA:BE:3E:E6:32:90	JBC_NANO	E;828;211;2;0;350;4;48;48;1200;1200;256;0;0;100;0;5;450;100;
1791534325.892	D7:5B:CA:55:9E:68	JBC_Std	E;806;27;9;0;350;4;20;20;1200;1200;252;0;0;100;0;5;400;100;
1791534326.163	EA:BE:3E:E6:32:90	JBC_NANO	E;828;208;2;0;350;4;48;48;1200;1200;256;0;0;100;0;5;450;100;
1791534326.251	D7:5B:CA:55:9E:68	JBC_Std	E;806;28;9;0;350;4;20;20;1200;1200;252;0;0;100;0;5;400;100;
1791534326.522	EA:BE:3E:E6:32:90	JBC_NANO	E;828;204;2;0;350;4;48;48;1200;1200;256;0;0;100;0;5;450;100;
1791534326.612	D7:5B:CA:55:9E:68	JBC_Std	E;806;28;9;0;350;4;20;20;1200;1200;252;0;0;100;0;5;400;100;
1791534326.882	EA:BE:3E:E6:32:90	JBC_NANO	E;828;201;2;0;350;4;48;48;1200;1200;256;0;0;100;0;5;450;100;
1791534327.002	D7:5B:CA:55:9E:68	JBC_Std	E;806;28;9;0;350;4;20;20;1200;1200;252;0;0;100;0;5;400;100;
1791534327.212	EA:BE:3E:E6:32:90	JBC_NANO	E;828;196;2;0;350;4;48;48;1200;1200;256;0;0;100;0;5;450;100;
1791534327.361	D7:5B:CA:55:9E:68	JBC_Std	E;806;27;9;0;350;4;20;20;1200;1200;252;0;0;100;0;5;400;100;
1791534327.572	EA:BE:3E:E6:32:90	JBC_NANO	E;828;193;2;0;350;4;48;48;1200;1200;256;0;0;100;0;5;450;100;
1791534327.722	D7:5B:CA:55:9E:68	JBC_Std	E;806;27;9;0;350;4;20;20;1200;1200;252;0;0;100;0;5;400;100;
1791534327.932	EA:BE:3E:E6:32:90	JBC_NANO	E;828;188;2;0;350;4;48;48;1200;1200;256;0;0;100;0;5;450;100;
1791534328.081	D7:5B:CA:55:9E:68	JBC_Std	E;806;27;9;0;350;4;20;20;1200;1200;252;0;0;100;0;5;400;100;
1791534328.292	EA:BE:3E:E6:32:90	JBC_NANO	E;828;185;2;0;350;4;48;48;1200;1200;256;0;0;100;0;5;450;100;
1791534328.442	D7:5B:CA:55:9E:68	JBC_Std	E;806;27;9;0;350;4;20;20;1200;1200;252;0;0;100;0;5;400;100;
1791534328.652	EA:BE:3E:E6:32:90	JBC_NANO	E;828;183;2;0;350;4;48;48;1200;1200;256;0;0;100;0;5;450;100;
1791534328.802	D7:5B:CA:55:9E:68	JBC_Std	E;806;27;9;0;350;4;20;20;1200;1200;252;0;0;100;0;5;400;100;
1791534329.042	EA:BE:3E:E6:32:90	JBC_NANO	E;828;180;2;0;350;4;48;48;1200;1200;256;0;0;100;0;5;450;100;
1791534329.131	D7:5B:CA:55:9E:68	JBC_Std	E;806;27;9;0;350;4;20;20;1200;1200;252;0;0;100;0;5;400;100;
1791534329.402	EA:BE:3E:E6:32:90	JBC_NANO	E;828;177;2;0;350;4;48;48;1200;1200;256;0;0;100;0;5;450;100;
1791534329.492	D7:5B:CA:55:9E:68	JBC_Std	E;806;26;9;0;350;4;20;20;1200;1200;252;0;0;100;0;5;400;100;
1791534329.762	EA:BE:3E:E6:32:90	JBC_NANO	E;828;174;2;0;350;4;48;48;1200;1200;256;0;0;100;0;5;450;100;
1791534329.852	D7:5B:CA:55:9E:68	JBC_Std	E;806;26;9;0;350;4;20;20;1200;1200;252;0;0;100;0;5;400;100;
1791534330.121	EA:BE:3E:E6:32:90	JBC_NANO	E;828;171;2;0;350;4;48;48;1200;1200;256;0;0;100;0;5;450;100;
1791534330.211	D7:5B:CA:55:9E:68	JBC_Std	E;806;27;9;0;350;4;20;20;1200;1200;252;0;0;100;0;5;400;100;
1791534330.481	EA:BE:3E:E6:32:90	JBC_NANO	E;828;169;2;0;350;4;48;48;1200;1200;256;0;0;100;0;5;450;100;
1791534330.631	D7:5B:CA:55:9E:68	JBC_Std	E;806;27;9;0;350;4;20;20;1200;1200;252;0;0;100;0;5;400;100;
1791534330.902	EA:BE:3E:E6:32:90	JBC_NANO	E;828;166;2;0;350;4;48;48;1200;1200;256;0;0;100;0;5;450;100;
1791534330.961	D7:5B:CA:55:9E:68	JBC_Std	E;806;27;9;0;350;4;20;20;1200;1200;252;0;0;100;0;5;400;100;
